,opinion,opinion_tri,opinion_bin,opinion_abs,babysitter,cdmx,constant,edad,edad_sq,hijos,hijos_bin,hijos_prim,hijos_prim_o_secu,hijos_secu,hijos_x_babysitter,hijos_x_prim_o_secu,imss,internet,mujer,pcs,publica,ratio_imss_resid,ratio_imss_trab,ratio_pcs_hijos,ratio_pcs_resid,ratio_trab_resid,ratio_tvs_resid,residentes,trabajadores,transporte,tvs,vacunado,vulnerable,wfh
0,2.0,1.0,0.0,,0.0,Miguel Hidalgo,1,32.0,1024.0,0.0,0,0.0,0.0,0.0,0.0,0.0,2.0,1.0,0.0,4.0,1.0,1.0,1.0,0.0,2.0,1.0,1.0,2.0,2.0,0.0,2.0,0.0,0.0,1.0
2,3.0,2.0,1.0,1.0,0.0,Miguel Hidalgo,1,29.0,841.0,0.0,0,0.0,0.0,0.0,0.0,0.0,2.0,1.0,1.0,3.0,0.0,0.5,1.0,0.0,0.75,0.5,1.25,4.0,2.0,1.0,5.0,1.0,1.0,0.0
3,3.0,2.0,1.0,1.0,0.0,Coyoacán,1,33.0,1089.0,0.0,0,0.0,0.0,0.0,0.0,0.0,3.0,1.0,0.0,2.0,1.0,1.0,1.0,0.0,0.6666666666666666,1.0,0.6666666666666666,3.0,3.0,1.0,2.0,1.0,1.0,0.0
4,3.0,2.0,1.0,1.0,1.0,Iztapalapa,1,32.0,1024.0,1.0,1,0.0,0.0,0.0,1.0,0.0,2.0,1.0,1.0,2.0,1.0,0.6666666666666666,1.0,2.0,0.6666666666666666,0.6666666666666666,0.6666666666666666,3.0,2.0,1.0,2.0,1.0,0.0,0.0
5,3.0,2.0,1.0,1.0,0.0,Coyoacán,1,69.0,4761.0,2.0,1,0.0,0.0,0.0,0.0,0.0,2.0,1.0,0.0,4.0,1.0,1.0,2.0,4.0,2.0,0.5,2.0,2.0,1.0,1.0,4.0,1.0,1.0,1.0
7,3.0,2.0,1.0,1.0,0.0,Magdalena Contreras,1,30.0,900.0,0.0,0,0.0,0.0,0.0,0.0,0.0,2.0,1.0,1.0,2.0,1.0,1.0,1.0,0.0,1.0,1.0,0.5,2.0,2.0,1.0,1.0,1.0,0.0,0.0
8,3.0,2.0,1.0,1.0,0.0,Benito Juárez,1,31.0,961.0,0.0,0,0.0,0.0,0.0,0.0,0.0,2.0,1.0,0.0,5.0,1.0,0.3333333333333333,0.5,0.0,0.8333333333333334,0.6666666666666666,0.5,6.0,4.0,0.0,3.0,1.0,1.0,1.0
9,3.0,2.0,1.0,1.0,0.0,Cuahutémoc,1,32.0,1024.0,0.0,0,0.0,0.0,0.0,0.0,0.0,2.0,1.0,0.0,3.0,0.0,1.0,1.0,0.0,1.5,1.0,1.5,2.0,2.0,1.0,3.0,1.0,0.0,1.0
10,2.0,1.0,0.0,,0.0,Coyoacán,1,30.0,900.0,0.0,0,0.0,0.0,0.0,0.0,0.0,2.0,1.0,1.0,3.0,0.0,1.0,1.0,0.0,1.5,1.0,1.0,2.0,2.0,1.0,2.0,1.0,0.0,1.0
11,1.0,0.0,0.0,0.0,0.0,Magdalena Contreras,1,70.0,4900.0,3.0,1,0.0,0.0,0.0,0.0,0.0,1.0,1.0,0.0,2.0,1.0,0.5,0.5,2.0,1.0,1.0,1.0,2.0,2.0,1.0,2.0,1.0,1.0,1.0
12,0.0,0.0,0.0,0.0,0.0,Tlalpan,1,32.0,1024.0,0.0,0,0.0,0.0,0.0,0.0,0.0,4.0,1.0,0.0,3.0,1.0,2.0,2.0,0.0,1.5,1.0,1.5,2.0,2.0,1.0,3.0,1.0,1.0,1.0
13,3.0,2.0,1.0,1.0,0.0,Benito Juárez,1,26.0,676.0,0.0,0,0.0,0.0,0.0,0.0,0.0,2.0,1.0,1.0,5.0,0.0,1.0,1.0,0.0,2.5,1.0,1.0,2.0,2.0,1.0,2.0,0.0,0.0,1.0
14,0.0,0.0,0.0,0.0,0.0,Magdalena Contreras,1,35.0,1225.0,0.0,0,0.0,0.0,0.0,0.0,0.0,1.0,1.0,0.0,3.0,0.0,0.5,1.0,0.0,1.5,0.5,1.0,2.0,1.0,1.0,2.0,1.0,1.0,0.0
15,1.0,0.0,0.0,0.0,0.0,Magdalena Contreras,1,35.0,1225.0,0.0,0,0.0,0.0,0.0,0.0,0.0,1.0,1.0,1.0,3.0,1.0,0.5,1.0,0.0,1.5,0.5,1.0,2.0,1.0,1.0,2.0,1.0,0.0,1.0
16,3.0,2.0,1.0,1.0,0.0,Benito Juárez,1,29.0,841.0,0.0,0,0.0,0.0,0.0,0.0,0.0,0.0,1.0,0.0,11.0,0.0,0.0,0.0,0.0,2.75,0.25,1.0,4.0,1.0,0.0,4.0,1.0,0.0,1.0
17,3.0,2.0,1.0,1.0,0.0,Iztacalco,1,32.0,1024.0,0.0,0,0.0,0.0,0.0,0.0,0.0,2.0,1.0,0.0,4.0,1.0,0.5,1.0,0.0,1.0,0.5,0.75,4.0,2.0,0.0,3.0,1.0,1.0,1.0
18,3.0,2.0,1.0,1.0,0.0,Tláhuac,1,22.0,484.0,0.0,0,0.0,0.0,0.0,0.0,0.0,4.0,1.0,0.0,2.0,1.0,1.0,1.3333333333333333,0.0,0.5,0.75,0.5,4.0,3.0,0.0,2.0,1.0,0.0,1.0
19,2.0,1.0,0.0,,0.0,Venustiano Carranza,1,22.0,484.0,0.0,0,0.0,0.0,0.0,0.0,0.0,3.0,1.0,0.0,2.0,1.0,1.0,1.0,0.0,0.6666666666666666,1.0,1.0,3.0,3.0,1.0,3.0,1.0,1.0,1.0
20,3.0,2.0,1.0,1.0,0.0,Benito Juárez,1,30.0,900.0,0.0,0,0.0,0.0,0.0,0.0,0.0,0.0,1.0,1.0,4.0,1.0,0.0,0.0,0.0,1.3333333333333333,0.6666666666666666,0.3333333333333333,3.0,2.0,0.0,1.0,1.0,0.0,1.0
22,3.0,2.0,1.0,1.0,0.0,Álvaro Obregón,1,23.0,529.0,0.0,0,0.0,0.0,0.0,0.0,0.0,1.0,1.0,1.0,2.0,1.0,0.25,0.5,0.0,0.5,0.5,0.5,4.0,2.0,0.0,2.0,1.0,1.0,1.0
23,1.0,0.0,0.0,0.0,1.0,Tlalpan,1,62.0,3844.0,1.0,1,0.0,0.0,0.0,1.0,0.0,1.0,1.0,0.0,4.0,1.0,0.25,0.3333333333333333,4.0,1.0,0.75,1.25,4.0,3.0,1.0,5.0,1.0,1.0,1.0
24,2.0,1.0,0.0,,0.0,Miguel Hidalgo,1,33.0,1089.0,0.0,0,0.0,0.0,0.0,0.0,0.0,2.0,1.0,1.0,3.0,1.0,0.6666666666666666,1.0,0.0,1.0,0.6666666666666666,0.6666666666666666,3.0,2.0,1.0,2.0,1.0,1.0,1.0
25,2.0,1.0,0.0,,0.0,Benito Juárez,1,33.0,1089.0,0.0,0,0.0,0.0,0.0,0.0,0.0,2.0,1.0,0.0,8.0,0.0,1.0,1.0,0.0,4.0,1.0,0.5,2.0,2.0,0.0,1.0,1.0,0.0,1.0
26,3.0,2.0,1.0,1.0,0.0,Cuahutémoc,1,29.0,841.0,0.0,0,0.0,0.0,0.0,0.0,0.0,2.0,1.0,1.0,4.0,1.0,0.6666666666666666,1.0,0.0,1.3333333333333333,0.6666666666666666,1.3333333333333333,3.0,2.0,1.0,4.0,1.0,1.0,1.0
27,1.0,0.0,0.0,0.0,0.0,Magdalena Contreras,1,29.0,841.0,0.0,0,0.0,0.0,0.0,0.0,0.0,1.0,1.0,0.0,4.0,0.0,0.5,1.0,0.0,2.0,0.5,2.0,2.0,1.0,1.0,4.0,1.0,1.0,1.0
31,3.0,2.0,1.0,1.0,0.0,Benito Juárez,1,36.0,1296.0,0.0,0,0.0,0.0,0.0,0.0,0.0,2.0,1.0,0.0,3.0,1.0,1.0,1.0,0.0,1.5,1.0,0.5,2.0,2.0,1.0,1.0,1.0,0.0,1.0
32,3.0,2.0,1.0,1.0,0.0,Benito Juárez,1,26.0,676.0,0.0,0,0.0,0.0,0.0,0.0,0.0,3.0,1.0,0.0,3.0,1.0,1.0,1.5,0.0,1.0,0.6666666666666666,1.3333333333333333,3.0,2.0,1.0,4.0,1.0,1.0,1.0
33,2.0,1.0,0.0,,0.0,Coyoacán,1,33.0,1089.0,0.0,0,0.0,0.0,0.0,0.0,0.0,2.0,1.0,0.0,3.0,1.0,0.4,1.0,0.0,0.6,0.4,0.8,5.0,2.0,0.0,4.0,1.0,0.0,1.0
34,1.0,0.0,0.0,0.0,0.0,Venustiano Carranza,1,18.0,324.0,0.0,0,0.0,0.0,0.0,0.0,0.0,0.0,1.0,1.0,2.0,1.0,0.0,0.0,0.0,1.0,1.0,0.5,2.0,2.0,0.0,1.0,1.0,0.0,1.0
35,2.0,1.0,0.0,,1.0,Benito Juárez,1,45.0,2025.0,2.0,1,0.0,0.0,0.0,1.0,0.0,3.0,1.0,1.0,2.0,1.0,0.5,0.75,2.0,0.3333333333333333,0.6666666666666666,1.0,6.0,4.0,1.0,6.0,1.0,1.0,0.0
36,3.0,2.0,1.0,1.0,0.0,Benito Juárez,1,32.0,1024.0,0.0,0,0.0,0.0,0.0,0.0,0.0,1.0,1.0,0.0,3.0,1.0,0.5,0.5,0.0,1.5,1.0,0.5,2.0,2.0,1.0,1.0,1.0,0.0,1.0
38,3.0,2.0,1.0,1.0,0.0,Miguel Hidalgo,1,26.0,676.0,0.0,0,0.0,0.0,0.0,0.0,0.0,3.0,1.0,0.0,5.0,1.0,0.6,1.0,0.0,1.0,0.6,0.8,5.0,3.0,1.0,4.0,1.0,0.0,1.0
39,4.0,2.0,1.0,1.0,1.0,Iztapalapa,1,28.0,784.0,1.0,1,0.0,0.0,0.0,1.0,0.0,3.0,1.0,0.0,6.0,0.0,1.0,3.0,6.0,2.0,0.3333333333333333,0.0,3.0,1.0,1.0,0.0,1.0,0.0,1.0
40,2.0,1.0,0.0,,0.0,Coyoacán,1,30.0,900.0,0.0,0,0.0,0.0,0.0,0.0,0.0,2.0,1.0,0.0,3.0,0.0,1.0,1.0,0.0,1.5,1.0,1.0,2.0,2.0,1.0,2.0,0.0,0.0,1.0
43,1.0,0.0,0.0,0.0,0.0,Benito Juárez,1,31.0,961.0,0.0,0,0.0,0.0,0.0,0.0,0.0,1.0,1.0,1.0,2.0,0.0,0.5,1.0,0.0,1.0,0.5,1.5,2.0,1.0,0.0,3.0,1.0,1.0,1.0
44,3.0,2.0,1.0,1.0,0.0,Benito Juárez,1,26.0,676.0,0.0,0,0.0,0.0,0.0,0.0,0.0,2.0,1.0,1.0,5.0,0.0,1.0,1.0,0.0,2.5,1.0,0.5,2.0,2.0,1.0,1.0,1.0,0.0,1.0
45,3.0,2.0,1.0,1.0,0.0,Coyoacán,1,31.0,961.0,0.0,0,0.0,0.0,0.0,0.0,0.0,1.0,1.0,1.0,4.0,1.0,0.25,0.5,0.0,1.0,0.5,0.5,4.0,2.0,0.0,2.0,1.0,0.0,1.0
48,3.0,2.0,1.0,1.0,0.0,Cuajimalpa,1,30.0,900.0,1.0,1,0.0,0.0,0.0,0.0,0.0,2.0,1.0,1.0,3.0,1.0,0.6666666666666666,1.0,3.0,1.0,0.6666666666666666,0.6666666666666666,3.0,2.0,1.0,2.0,1.0,0.0,1.0
49,3.0,2.0,1.0,1.0,0.0,Cuahutémoc,1,32.0,1024.0,0.0,0,0.0,0.0,0.0,0.0,0.0,1.0,1.0,0.0,1.0,0.0,1.0,1.0,0.0,1.0,1.0,1.0,1.0,1.0,1.0,1.0,1.0,0.0,1.0
51,3.0,2.0,1.0,1.0,0.0,Coyoacán,1,25.0,625.0,0.0,0,0.0,0.0,0.0,0.0,0.0,2.0,1.0,0.0,2.0,1.0,1.0,1.0,0.0,1.0,1.0,0.5,2.0,2.0,1.0,1.0,1.0,1.0,1.0
52,3.0,2.0,1.0,1.0,0.0,Benito Juárez,1,38.0,1444.0,0.0,0,0.0,0.0,0.0,0.0,0.0,0.0,1.0,0.0,4.0,1.0,0.0,0.0,0.0,2.0,1.0,2.0,2.0,2.0,1.0,4.0,1.0,1.0,0.0
54,1.0,0.0,0.0,0.0,0.0,Coyoacán,1,66.0,4356.0,3.0,1,0.0,0.0,0.0,0.0,0.0,1.0,1.0,1.0,2.0,1.0,0.5,1.0,2.0,1.0,0.5,1.5,2.0,1.0,1.0,3.0,1.0,1.0,1.0
55,3.0,2.0,1.0,1.0,1.0,Azcapotzalco,1,36.0,1296.0,1.0,1,1.0,1.0,0.0,1.0,1.0,5.0,1.0,1.0,3.0,1.0,1.0,2.5,3.0,0.6,0.4,0.8,5.0,2.0,0.0,4.0,1.0,1.0,1.0
56,4.0,2.0,1.0,1.0,1.0,Cuajimalpa,1,39.0,1521.0,1.0,1,0.0,0.0,0.0,1.0,0.0,2.0,1.0,0.0,3.0,1.0,0.6666666666666666,1.0,3.0,1.0,0.6666666666666666,1.6666666666666667,3.0,2.0,1.0,5.0,1.0,1.0,1.0
57,4.0,2.0,1.0,1.0,1.0,Coyoacán,1,40.0,1600.0,1.0,1,0.0,0.0,0.0,1.0,0.0,1.0,1.0,1.0,2.0,1.0,0.5,1.0,2.0,1.0,0.5,1.0,2.0,1.0,1.0,2.0,1.0,1.0,1.0
58,4.0,2.0,1.0,1.0,0.0,Álvaro Obregón,1,37.0,1369.0,0.0,0,0.0,0.0,0.0,0.0,0.0,1.0,1.0,0.0,3.0,1.0,1.0,1.0,0.0,3.0,1.0,2.0,1.0,1.0,1.0,2.0,1.0,1.0,1.0
60,3.0,2.0,1.0,1.0,0.0,Álvaro Obregón,1,20.0,400.0,0.0,0,0.0,0.0,0.0,0.0,0.0,2.0,1.0,0.0,3.0,0.0,0.5,0.6666666666666666,0.0,0.75,0.75,1.0,4.0,3.0,1.0,4.0,1.0,1.0,1.0
61,0.0,0.0,0.0,0.0,0.0,Coyoacán,1,45.0,2025.0,0.0,0,0.0,0.0,0.0,0.0,0.0,2.0,1.0,1.0,1.0,0.0,2.0,2.0,0.0,1.0,1.0,3.0,1.0,1.0,1.0,3.0,1.0,1.0,0.0
62,4.0,2.0,1.0,1.0,0.0,Álvaro Obregón,1,27.0,729.0,0.0,0,0.0,0.0,0.0,0.0,0.0,7.0,1.0,0.0,12.0,1.0,1.0,1.0,0.0,1.7142857142857142,1.0,1.0,7.0,7.0,1.0,7.0,1.0,1.0,1.0
65,3.0,2.0,1.0,1.0,0.0,Tlalpan,1,30.0,900.0,0.0,0,0.0,0.0,0.0,0.0,0.0,3.0,1.0,0.0,7.0,0.0,0.75,1.5,0.0,1.75,0.5,1.25,4.0,2.0,1.0,5.0,1.0,1.0,1.0
66,0.0,0.0,0.0,0.0,0.0,Coyoacán,1,32.0,1024.0,0.0,0,0.0,0.0,0.0,0.0,0.0,0.0,1.0,1.0,2.0,0.0,0.0,0.0,0.0,1.0,0.5,0.5,2.0,1.0,1.0,1.0,1.0,1.0,1.0
67,3.0,2.0,1.0,1.0,0.0,Coyoacán,1,32.0,1024.0,0.0,0,0.0,0.0,0.0,0.0,0.0,2.0,1.0,0.0,2.0,1.0,1.0,1.0,0.0,1.0,1.0,2.0,2.0,2.0,1.0,4.0,1.0,0.0,1.0
68,1.0,0.0,0.0,0.0,0.0,Miguel Hidalgo,1,32.0,1024.0,0.0,0,0.0,0.0,0.0,0.0,0.0,2.0,1.0,0.0,5.0,1.0,1.0,1.0,0.0,2.5,1.0,1.0,2.0,2.0,1.0,2.0,1.0,0.0,1.0
69,0.0,0.0,0.0,0.0,0.0,Álvaro Obregón,1,33.0,1089.0,0.0,0,0.0,0.0,0.0,0.0,0.0,2.0,1.0,0.0,3.0,1.0,0.6666666666666666,1.0,0.0,1.0,0.6666666666666666,1.0,3.0,2.0,0.0,3.0,1.0,1.0,1.0
70,3.0,2.0,1.0,1.0,0.0,Cuahutémoc,1,64.0,4096.0,3.0,1,0.0,0.0,0.0,0.0,0.0,0.0,1.0,1.0,1.0,1.0,0.0,0.0,1.0,1.0,1.0,1.0,1.0,1.0,0.0,1.0,1.0,1.0,1.0
71,3.0,2.0,1.0,1.0,0.0,Cuahutémoc,1,37.0,1369.0,1.0,1,1.0,1.0,0.0,0.0,1.0,2.0,1.0,0.0,4.0,0.0,0.6666666666666666,1.0,4.0,1.3333333333333333,0.6666666666666666,0.6666666666666666,3.0,2.0,1.0,2.0,1.0,0.0,1.0
72,3.0,2.0,1.0,1.0,0.0,Tlalpan,1,30.0,900.0,0.0,0,0.0,0.0,0.0,0.0,0.0,1.0,1.0,0.0,5.0,1.0,0.5,1.0,0.0,2.5,0.5,0.5,2.0,1.0,1.0,1.0,1.0,0.0,1.0
74,3.0,2.0,1.0,1.0,0.0,Miguel Hidalgo,1,32.0,1024.0,0.0,0,0.0,0.0,0.0,0.0,0.0,1.0,1.0,0.0,1.0,1.0,1.0,1.0,0.0,1.0,1.0,1.0,1.0,1.0,0.0,1.0,1.0,0.0,1.0
75,3.0,2.0,1.0,1.0,0.0,Coyoacán,1,50.0,2500.0,2.0,1,0.0,0.0,0.0,0.0,0.0,1.0,1.0,0.0,1.0,1.0,0.2,1.0,1.0,0.2,0.2,0.6,5.0,1.0,1.0,3.0,1.0,0.0,1.0
76,3.0,2.0,1.0,1.0,0.0,Benito Juárez,1,27.0,729.0,0.0,0,0.0,0.0,0.0,0.0,0.0,2.0,1.0,1.0,3.0,0.0,1.0,1.0,0.0,1.5,1.0,1.5,2.0,2.0,1.0,3.0,1.0,0.0,1.0
77,3.0,2.0,1.0,1.0,1.0,Benito Juárez,1,59.0,3481.0,3.0,1,0.0,1.0,1.0,1.0,1.0,2.0,1.0,0.0,4.0,1.0,0.5,0.6666666666666666,4.0,1.0,0.75,0.5,4.0,3.0,0.0,2.0,1.0,1.0,1.0
79,4.0,2.0,1.0,1.0,0.0,Coyoacán,1,29.0,841.0,0.0,0,0.0,0.0,0.0,0.0,0.0,2.0,1.0,0.0,7.0,0.0,0.5,1.0,0.0,1.75,0.5,1.5,4.0,2.0,1.0,6.0,1.0,1.0,1.0
80,3.0,2.0,1.0,1.0,0.0,Benito Juárez,1,31.0,961.0,0.0,0,0.0,0.0,0.0,0.0,0.0,2.0,1.0,0.0,5.0,1.0,1.0,1.0,0.0,2.5,1.0,1.5,2.0,2.0,1.0,3.0,1.0,0.0,1.0
82,3.0,2.0,1.0,1.0,1.0,Benito Juárez,1,45.0,2025.0,2.0,1,1.0,1.0,0.0,1.0,1.0,2.0,1.0,0.0,15.0,1.0,0.5,1.0,15.0,3.75,0.5,1.25,4.0,2.0,1.0,5.0,1.0,1.0,1.0
83,3.0,2.0,1.0,1.0,0.0,Álvaro Obregón,1,29.0,841.0,0.0,0,0.0,0.0,0.0,0.0,0.0,3.0,1.0,0.0,5.0,0.0,0.75,0.75,0.0,1.25,1.0,1.25,4.0,4.0,1.0,5.0,1.0,1.0,1.0
85,4.0,2.0,1.0,1.0,0.0,Álvaro Obregón,1,36.0,1296.0,0.0,0,0.0,0.0,0.0,0.0,0.0,1.0,1.0,0.0,2.0,1.0,1.0,1.0,0.0,2.0,1.0,1.0,1.0,1.0,1.0,1.0,1.0,0.0,1.0
86,4.0,2.0,1.0,1.0,0.0,Benito Juárez,1,30.0,900.0,0.0,0,0.0,0.0,0.0,0.0,0.0,2.0,1.0,0.0,2.0,1.0,0.6666666666666666,1.0,0.0,0.6666666666666666,0.6666666666666666,1.0,3.0,2.0,0.0,3.0,1.0,1.0,0.0
87,3.0,2.0,1.0,1.0,0.0,Coyoacán,1,22.0,484.0,0.0,0,0.0,0.0,0.0,0.0,0.0,3.0,1.0,0.0,4.0,1.0,0.6,0.75,0.0,0.8,0.8,0.2,5.0,4.0,1.0,1.0,1.0,1.0,0.0
88,4.0,2.0,1.0,1.0,1.0,Cuajimalpa,1,23.0,529.0,1.0,1,0.0,0.0,0.0,1.0,0.0,0.0,1.0,1.0,0.0,1.0,0.0,0.0,0.0,0.0,0.6666666666666666,0.3333333333333333,3.0,2.0,0.0,1.0,1.0,0.0,0.0
89,4.0,2.0,1.0,1.0,1.0,Álvaro Obregón,1,30.0,900.0,1.0,1,0.0,0.0,0.0,1.0,0.0,2.0,1.0,1.0,5.0,1.0,0.6666666666666666,1.0,5.0,1.6666666666666667,0.6666666666666666,0.3333333333333333,3.0,2.0,0.0,1.0,1.0,1.0,1.0
90,4.0,2.0,1.0,1.0,0.0,Iztapalapa,1,43.0,1849.0,1.0,1,0.0,0.0,0.0,0.0,0.0,2.0,1.0,1.0,1.0,1.0,0.5,0.6666666666666666,1.0,0.25,0.75,0.5,4.0,3.0,0.0,2.0,1.0,1.0,0.0
92,2.0,1.0,0.0,,0.0,Iztapalapa,1,50.0,2500.0,1.0,1,0.0,0.0,0.0,0.0,0.0,2.0,1.0,0.0,2.0,1.0,0.5,0.6666666666666666,2.0,0.5,0.75,0.75,4.0,3.0,0.0,3.0,1.0,1.0,1.0
93,1.0,0.0,0.0,0.0,0.0,Cuajimalpa,1,30.0,900.0,0.0,0,0.0,0.0,0.0,0.0,0.0,0.0,1.0,1.0,1.0,1.0,0.0,0.0,0.0,0.2,0.4,0.6,5.0,2.0,0.0,3.0,1.0,1.0,1.0
94,3.0,2.0,1.0,1.0,0.0,Benito Juárez,1,28.0,784.0,0.0,0,0.0,0.0,0.0,0.0,0.0,1.0,1.0,0.0,2.0,0.0,0.5,0.5,0.0,1.0,1.0,1.0,2.0,2.0,0.0,2.0,1.0,0.0,1.0
95,2.0,1.0,0.0,,0.0,Benito Juárez,1,32.0,1024.0,0.0,0,0.0,0.0,0.0,0.0,0.0,1.0,1.0,1.0,2.0,1.0,0.5,0.5,0.0,1.0,1.0,0.5,2.0,2.0,0.0,1.0,1.0,0.0,1.0
96,1.0,0.0,0.0,0.0,0.0,Cuajimalpa,1,71.0,5041.0,2.0,1,0.0,0.0,0.0,0.0,0.0,0.0,1.0,1.0,4.0,0.0,0.0,0.0,4.0,2.0,0.5,1.0,2.0,1.0,1.0,2.0,1.0,1.0,1.0
97,2.0,1.0,0.0,,1.0,Iztapalapa,1,25.0,625.0,1.0,1,0.0,0.0,0.0,1.0,0.0,3.0,1.0,1.0,2.0,0.0,1.0,1.0,2.0,0.6666666666666666,1.0,1.0,3.0,3.0,0.0,3.0,1.0,1.0,1.0
98,4.0,2.0,1.0,1.0,0.0,Iztapalapa,1,20.0,400.0,0.0,0,0.0,0.0,0.0,0.0,0.0,2.0,1.0,1.0,1.0,1.0,0.6666666666666666,1.0,0.0,0.3333333333333333,0.6666666666666666,0.6666666666666666,3.0,2.0,0.0,2.0,1.0,0.0,1.0
99,1.0,0.0,0.0,0.0,0.0,Benito Juárez,1,37.0,1369.0,0.0,0,0.0,0.0,0.0,0.0,0.0,1.0,1.0,1.0,2.0,0.0,0.5,1.0,0.0,1.0,0.5,1.0,2.0,1.0,1.0,2.0,1.0,0.0,1.0
100,2.0,1.0,0.0,,0.0,Iztapalapa,1,44.0,1936.0,2.0,1,0.0,0.0,0.0,0.0,0.0,2.0,1.0,1.0,1.0,1.0,0.6666666666666666,2.0,1.0,0.3333333333333333,0.3333333333333333,0.6666666666666666,3.0,1.0,0.0,2.0,1.0,1.0,0.0
101,2.0,1.0,0.0,,0.0,Iztapalapa,1,18.0,324.0,0.0,0,0.0,0.0,0.0,0.0,0.0,0.0,1.0,1.0,3.0,1.0,0.0,0.0,0.0,0.5,0.3333333333333333,0.16666666666666666,6.0,2.0,0.0,1.0,0.0,0.0,1.0
102,3.0,2.0,1.0,1.0,0.0,Benito Juárez,1,28.0,784.0,0.0,0,0.0,0.0,0.0,0.0,0.0,3.0,1.0,0.0,4.0,0.0,0.6,0.75,0.0,0.8,0.8,0.6,5.0,4.0,1.0,3.0,1.0,1.0,1.0
103,2.0,1.0,0.0,,0.0,Cuahutémoc,1,28.0,784.0,0.0,0,0.0,0.0,0.0,0.0,0.0,1.0,1.0,0.0,3.0,0.0,1.0,1.0,0.0,3.0,1.0,3.0,1.0,1.0,1.0,3.0,1.0,0.0,1.0
104,4.0,2.0,1.0,1.0,0.0,Iztapalapa,1,22.0,484.0,0.0,0,0.0,0.0,0.0,0.0,0.0,2.0,1.0,1.0,2.0,1.0,0.5,0.5,0.0,0.5,1.0,0.5,4.0,4.0,0.0,2.0,1.0,1.0,1.0
105,3.0,2.0,1.0,1.0,0.0,Miguel Hidalgo,1,34.0,1156.0,0.0,0,0.0,0.0,0.0,0.0,0.0,0.0,1.0,0.0,3.0,1.0,0.0,0.0,0.0,1.5,0.5,1.0,2.0,1.0,1.0,2.0,1.0,1.0,1.0
106,3.0,2.0,1.0,1.0,1.0,Benito Juárez,1,37.0,1369.0,2.0,1,1.0,1.0,0.0,1.0,1.0,2.0,1.0,1.0,4.0,0.0,0.4,1.0,4.0,0.8,0.4,0.2,5.0,2.0,1.0,1.0,1.0,1.0,1.0
108,1.0,0.0,0.0,0.0,0.0,Benito Juárez,1,30.0,900.0,0.0,0,0.0,0.0,0.0,0.0,0.0,1.0,1.0,1.0,1.0,1.0,0.5,0.5,0.0,0.5,1.0,0.5,2.0,2.0,0.0,1.0,1.0,1.0,0.0
109,1.0,0.0,0.0,0.0,0.0,Álvaro Obregón,1,37.0,1369.0,0.0,0,0.0,0.0,0.0,0.0,0.0,1.0,1.0,1.0,2.0,1.0,1.0,1.0,0.0,2.0,1.0,1.0,1.0,1.0,1.0,1.0,1.0,0.0,0.0
110,4.0,2.0,1.0,1.0,0.0,Gustavo A. Madero,1,58.0,3364.0,2.0,1,0.0,0.0,0.0,0.0,0.0,0.0,1.0,1.0,3.0,0.0,0.0,0.0,3.0,1.0,0.0,1.0,3.0,0.0,1.0,3.0,0.0,0.0,0.0
111,3.0,2.0,1.0,1.0,1.0,Cuahutémoc,1,38.0,1444.0,1.0,1,0.0,0.0,0.0,1.0,0.0,2.0,1.0,0.0,4.0,0.0,0.6666666666666666,1.0,4.0,1.3333333333333333,0.6666666666666666,0.6666666666666666,3.0,2.0,1.0,2.0,1.0,1.0,1.0
112,3.0,2.0,1.0,1.0,0.0,Iztapalapa,1,32.0,1024.0,2.0,1,1.0,1.0,0.0,0.0,1.0,1.0,1.0,1.0,0.0,1.0,0.25,0.5,0.0,0.0,0.5,0.25,4.0,2.0,0.0,1.0,1.0,1.0,0.0
113,3.0,2.0,1.0,1.0,0.0,Coyoacán,1,48.0,2304.0,3.0,1,0.0,0.0,0.0,0.0,0.0,4.0,1.0,1.0,3.0,1.0,1.0,4.0,3.0,0.75,0.25,0.25,4.0,1.0,0.0,1.0,1.0,0.0,0.0
114,4.0,2.0,1.0,1.0,0.0,Benito Juárez,1,28.0,784.0,0.0,0,0.0,0.0,0.0,0.0,0.0,2.0,1.0,0.0,3.0,0.0,1.0,1.0,0.0,1.5,1.0,1.0,2.0,2.0,1.0,2.0,1.0,0.0,1.0
115,4.0,2.0,1.0,1.0,1.0,Iztapalapa,1,49.0,2401.0,5.0,1,0.0,1.0,1.0,1.0,1.0,1.0,1.0,1.0,0.0,1.0,0.14285714285714285,0.5,0.0,0.0,0.2857142857142857,0.14285714285714285,7.0,2.0,0.0,1.0,1.0,0.0,1.0
116,3.0,2.0,1.0,1.0,0.0,Iztapalapa,1,45.0,2025.0,2.0,1,0.0,0.0,0.0,0.0,0.0,2.0,1.0,1.0,3.0,1.0,0.5,1.0,3.0,0.75,0.5,1.0,4.0,2.0,0.0,4.0,1.0,1.0,0.0
118,1.0,0.0,0.0,0.0,1.0,Coyoacán,1,70.0,4900.0,3.0,1,0.0,0.0,0.0,1.0,0.0,1.0,1.0,0.0,2.0,1.0,1.0,1.0,2.0,2.0,1.0,3.0,1.0,1.0,1.0,3.0,1.0,1.0,1.0
119,1.0,0.0,0.0,0.0,1.0,Iztapalapa,1,42.0,1764.0,4.0,1,0.0,1.0,1.0,1.0,1.0,0.0,1.0,1.0,0.0,1.0,0.0,0.0,0.0,0.0,0.2,0.2,5.0,1.0,0.0,1.0,1.0,0.0,1.0
120,2.0,1.0,0.0,,0.0,Iztapalapa,1,19.0,361.0,0.0,0,0.0,0.0,0.0,0.0,0.0,1.0,1.0,1.0,1.0,1.0,0.1111111111111111,1.0,0.0,0.1111111111111111,0.1111111111111111,0.2222222222222222,9.0,1.0,0.0,2.0,1.0,1.0,1.0
121,2.0,1.0,0.0,,0.0,Iztapalapa,1,26.0,676.0,0.0,0,0.0,0.0,0.0,0.0,0.0,1.0,1.0,1.0,1.0,1.0,1.0,1.0,0.0,1.0,1.0,1.0,1.0,1.0,0.0,1.0,1.0,0.0,1.0
124,0.0,0.0,0.0,0.0,1.0,Gustavo A. Madero,1,53.0,2809.0,2.0,1,0.0,1.0,1.0,1.0,1.0,4.0,1.0,0.0,5.0,1.0,1.0,4.0,5.0,1.25,0.25,0.5,4.0,1.0,1.0,2.0,1.0,0.0,1.0
127,3.0,2.0,1.0,1.0,0.0,Álvaro Obregón,1,30.0,900.0,0.0,0,0.0,0.0,0.0,0.0,0.0,0.0,1.0,0.0,4.0,1.0,0.0,0.0,0.0,2.0,0.5,0.5,2.0,1.0,0.0,1.0,1.0,0.0,1.0
128,0.0,0.0,0.0,0.0,0.0,Coyoacán,1,29.0,841.0,0.0,0,0.0,0.0,0.0,0.0,0.0,2.0,1.0,0.0,2.0,0.0,1.0,1.0,0.0,1.0,1.0,0.5,2.0,2.0,1.0,1.0,0.0,0.0,0.0
129,3.0,2.0,1.0,1.0,1.0,Cuajimalpa,1,39.0,1521.0,1.0,1,0.0,0.0,0.0,1.0,0.0,2.0,1.0,1.0,2.0,1.0,0.5,1.0,2.0,0.5,0.5,0.75,4.0,2.0,1.0,3.0,1.0,0.0,1.0
130,3.0,2.0,1.0,1.0,0.0,Azcapotzalco,1,70.0,4900.0,3.0,1,0.0,0.0,0.0,0.0,0.0,2.0,1.0,0.0,4.0,1.0,0.6666666666666666,1.0,4.0,1.3333333333333333,0.6666666666666666,1.0,3.0,2.0,1.0,3.0,1.0,1.0,1.0
131,3.0,2.0,1.0,1.0,1.0,Coyoacán,1,71.0,5041.0,2.0,1,0.0,0.0,0.0,1.0,0.0,2.0,1.0,0.0,1.0,1.0,1.0,2.0,1.0,0.5,0.5,1.0,2.0,1.0,1.0,2.0,1.0,0.0,0.0
132,3.0,2.0,1.0,1.0,0.0,Xochimilco,1,20.0,400.0,0.0,0,0.0,0.0,0.0,0.0,0.0,2.0,1.0,1.0,8.0,0.0,0.6666666666666666,1.0,0.0,2.6666666666666665,0.6666666666666666,1.3333333333333333,3.0,2.0,0.0,4.0,1.0,1.0,1.0
135,2.0,1.0,0.0,,0.0,Cuajimalpa,1,25.0,625.0,0.0,0,0.0,0.0,0.0,0.0,0.0,4.0,1.0,1.0,6.0,0.0,0.8,1.0,0.0,1.2,0.8,1.2,5.0,4.0,1.0,6.0,0.0,0.0,1.0
136,4.0,2.0,1.0,1.0,0.0,Miguel Hidalgo,1,30.0,900.0,0.0,0,0.0,0.0,0.0,0.0,0.0,2.0,1.0,1.0,3.0,0.0,1.0,1.0,0.0,1.5,1.0,1.5,2.0,2.0,1.0,3.0,1.0,0.0,0.0
137,3.0,2.0,1.0,1.0,0.0,Tlalpan,1,70.0,4900.0,0.0,0,0.0,0.0,0.0,0.0,0.0,0.0,1.0,1.0,1.0,1.0,0.0,0.0,0.0,1.0,0.0,1.0,1.0,0.0,1.0,1.0,1.0,1.0,1.0
138,3.0,2.0,1.0,1.0,1.0,Iztapalapa,1,26.0,676.0,2.0,1,1.0,1.0,0.0,1.0,1.0,2.0,1.0,1.0,3.0,1.0,0.25,0.5,3.0,0.375,0.5,0.5,8.0,4.0,0.0,4.0,1.0,1.0,1.0
139,2.0,1.0,0.0,,0.0,Coyoacán,1,42.0,1764.0,2.0,1,1.0,1.0,0.0,0.0,1.0,3.0,1.0,1.0,1.0,0.0,0.75,1.5,1.0,0.25,0.5,0.5,4.0,2.0,0.0,2.0,1.0,0.0,0.0
141,1.0,0.0,0.0,0.0,1.0,Xochimilco,1,30.0,900.0,2.0,1,1.0,1.0,0.0,1.0,1.0,1.0,1.0,1.0,3.0,1.0,0.14285714285714285,0.25,3.0,0.42857142857142855,0.5714285714285714,0.42857142857142855,7.0,4.0,0.0,3.0,1.0,0.0,1.0
142,3.0,2.0,1.0,1.0,0.0,Coyoacán,1,28.0,784.0,0.0,0,0.0,0.0,0.0,0.0,0.0,1.0,1.0,1.0,4.0,1.0,0.5,0.5,0.0,2.0,1.0,0.5,2.0,2.0,1.0,1.0,1.0,0.0,0.0
144,3.0,2.0,1.0,1.0,0.0,Cuajimalpa,1,27.0,729.0,0.0,0,0.0,0.0,0.0,0.0,0.0,1.0,1.0,1.0,3.0,0.0,1.0,1.0,0.0,3.0,1.0,1.0,1.0,1.0,1.0,1.0,1.0,0.0,1.0
146,1.0,0.0,0.0,0.0,0.0,Iztapalapa,1,69.0,4761.0,3.0,1,0.0,0.0,0.0,0.0,0.0,3.0,1.0,0.0,3.0,1.0,1.0,1.0,3.0,1.0,1.0,0.6666666666666666,3.0,3.0,1.0,2.0,1.0,1.0,1.0
147,3.0,2.0,1.0,1.0,0.0,Iztapalapa,1,22.0,484.0,0.0,0,0.0,0.0,0.0,0.0,0.0,0.0,1.0,0.0,1.0,1.0,0.0,0.0,0.0,0.3333333333333333,0.6666666666666666,0.6666666666666666,3.0,2.0,0.0,2.0,1.0,0.0,1.0
148,3.0,2.0,1.0,1.0,0.0,Iztapalapa,1,22.0,484.0,0.0,0,0.0,0.0,0.0,0.0,0.0,3.0,1.0,1.0,2.0,1.0,0.5,1.5,0.0,0.3333333333333333,0.3333333333333333,0.16666666666666666,6.0,2.0,0.0,1.0,1.0,1.0,1.0
150,3.0,2.0,1.0,1.0,0.0,Iztapalapa,1,23.0,529.0,0.0,0,0.0,0.0,0.0,0.0,0.0,1.0,1.0,1.0,3.0,1.0,0.14285714285714285,0.16666666666666666,0.0,0.42857142857142855,0.8571428571428571,0.8571428571428571,7.0,6.0,0.0,6.0,1.0,1.0,0.0
153,4.0,2.0,1.0,1.0,1.0,Xochimilco,1,52.0,2704.0,1.0,1,0.0,0.0,0.0,1.0,0.0,1.0,1.0,1.0,3.0,1.0,0.25,1.0,3.0,0.75,0.25,0.75,4.0,1.0,1.0,3.0,1.0,1.0,1.0
156,3.0,2.0,1.0,1.0,0.0,Benito Juárez,1,32.0,1024.0,0.0,0,0.0,0.0,0.0,0.0,0.0,2.0,1.0,0.0,4.0,1.0,1.0,1.0,0.0,2.0,1.0,0.5,2.0,2.0,0.0,1.0,1.0,0.0,1.0
157,3.0,2.0,1.0,1.0,1.0,Iztapalapa,1,39.0,1521.0,2.0,1,0.0,0.0,0.0,1.0,0.0,2.0,1.0,0.0,3.0,1.0,0.4,1.0,3.0,0.6,0.4,0.4,5.0,2.0,1.0,2.0,0.0,0.0,1.0
159,1.0,0.0,0.0,0.0,0.0,Miguel Hidalgo,1,34.0,1156.0,1.0,1,0.0,1.0,1.0,0.0,1.0,1.0,1.0,1.0,4.0,1.0,0.3333333333333333,0.5,4.0,1.3333333333333333,0.6666666666666666,0.3333333333333333,3.0,2.0,0.0,1.0,1.0,1.0,1.0
160,0.0,0.0,0.0,0.0,0.0,Gustavo A. Madero,1,32.0,1024.0,0.0,0,0.0,0.0,0.0,0.0,0.0,4.0,1.0,0.0,3.0,1.0,0.8,1.0,0.0,0.6,0.8,0.6,5.0,4.0,0.0,3.0,1.0,1.0,1.0
161,3.0,2.0,1.0,1.0,1.0,Gustavo A. Madero,1,50.0,2500.0,1.0,1,0.0,1.0,1.0,1.0,1.0,1.0,1.0,1.0,2.0,1.0,0.5,1.0,2.0,1.0,0.5,1.0,2.0,1.0,0.0,2.0,1.0,0.0,1.0
162,0.0,0.0,0.0,0.0,0.0,Miguel Hidalgo,1,28.0,784.0,0.0,0,0.0,0.0,0.0,0.0,0.0,1.0,1.0,0.0,3.0,1.0,0.3333333333333333,0.5,0.0,1.0,0.6666666666666666,0.3333333333333333,3.0,2.0,0.0,1.0,1.0,1.0,1.0
163,3.0,2.0,1.0,1.0,0.0,Cuahutémoc,1,24.0,576.0,0.0,0,0.0,0.0,0.0,0.0,0.0,2.0,1.0,1.0,4.0,1.0,0.5,0.6666666666666666,0.0,1.0,0.75,0.5,4.0,3.0,0.0,2.0,1.0,1.0,1.0
164,3.0,2.0,1.0,1.0,1.0,Miguel Hidalgo,1,49.0,2401.0,3.0,1,0.0,1.0,1.0,1.0,1.0,0.0,1.0,0.0,7.0,1.0,0.0,0.0,7.0,1.4,0.4,0.6,5.0,2.0,0.0,3.0,1.0,0.0,1.0
165,2.0,1.0,0.0,,0.0,Cuahutémoc,1,24.0,576.0,0.0,0,0.0,0.0,0.0,0.0,0.0,3.0,1.0,1.0,4.0,1.0,1.0,1.0,0.0,1.3333333333333333,1.0,0.6666666666666666,3.0,3.0,0.0,2.0,1.0,0.0,1.0
166,3.0,2.0,1.0,1.0,0.0,Benito Juárez,1,40.0,1600.0,0.0,0,0.0,0.0,0.0,0.0,0.0,2.0,1.0,0.0,3.0,0.0,1.0,1.0,0.0,1.5,1.0,1.0,2.0,2.0,1.0,2.0,1.0,0.0,1.0
168,0.0,0.0,0.0,0.0,0.0,Iztacalco,1,31.0,961.0,0.0,0,0.0,0.0,0.0,0.0,0.0,0.0,1.0,0.0,3.0,0.0,0.0,0.0,0.0,1.5,1.0,0.5,2.0,2.0,0.0,1.0,1.0,0.0,1.0
169,0.0,0.0,0.0,0.0,1.0,Iztapalapa,1,46.0,2116.0,2.0,1,0.0,0.0,0.0,1.0,0.0,3.0,1.0,1.0,3.0,1.0,1.0,1.5,3.0,1.0,0.6666666666666666,1.0,3.0,2.0,1.0,3.0,1.0,0.0,1.0
171,2.0,1.0,0.0,,0.0,Iztapalapa,1,20.0,400.0,0.0,0,0.0,0.0,0.0,0.0,0.0,3.0,1.0,0.0,2.0,1.0,0.75,0.75,0.0,0.5,1.0,0.75,4.0,4.0,0.0,3.0,1.0,0.0,1.0
173,1.0,0.0,0.0,0.0,1.0,Iztapalapa,1,41.0,1681.0,2.0,1,1.0,1.0,0.0,1.0,1.0,2.0,1.0,1.0,4.0,1.0,0.5,1.0,4.0,1.0,0.5,1.25,4.0,2.0,1.0,5.0,1.0,1.0,1.0
174,2.0,1.0,0.0,,0.0,Iztapalapa,1,25.0,625.0,0.0,0,0.0,0.0,0.0,0.0,0.0,3.0,1.0,1.0,3.0,1.0,1.0,1.0,0.0,1.0,1.0,1.0,3.0,3.0,0.0,3.0,1.0,0.0,1.0
175,4.0,2.0,1.0,1.0,0.0,Iztapalapa,1,19.0,361.0,0.0,0,0.0,0.0,0.0,0.0,0.0,1.0,1.0,0.0,2.0,1.0,0.3333333333333333,1.0,0.0,0.6666666666666666,0.3333333333333333,0.3333333333333333,3.0,1.0,0.0,1.0,1.0,1.0,1.0
176,2.0,1.0,0.0,,0.0,Cuahutémoc,1,41.0,1681.0,1.0,1,0.0,0.0,0.0,0.0,0.0,1.0,1.0,1.0,2.0,1.0,0.5,1.0,2.0,1.0,0.5,1.5,2.0,1.0,0.0,3.0,1.0,0.0,1.0
177,2.0,1.0,0.0,,0.0,Miguel Hidalgo,1,32.0,1024.0,0.0,0,0.0,0.0,0.0,0.0,0.0,1.0,1.0,1.0,2.0,1.0,0.5,0.5,0.0,1.0,1.0,0.5,2.0,2.0,0.0,1.0,1.0,0.0,1.0
179,2.0,1.0,0.0,,0.0,Iztapalapa,1,30.0,900.0,1.0,1,0.0,0.0,0.0,0.0,0.0,2.0,1.0,1.0,3.0,1.0,0.3333333333333333,0.5,3.0,0.5,0.6666666666666666,0.6666666666666666,6.0,4.0,1.0,4.0,1.0,1.0,0.0
180,3.0,2.0,1.0,1.0,0.0,Benito Juárez,1,32.0,1024.0,0.0,0,0.0,0.0,0.0,0.0,0.0,1.0,1.0,1.0,6.0,0.0,0.5,0.5,0.0,3.0,1.0,1.0,2.0,2.0,1.0,2.0,1.0,1.0,1.0
182,1.0,0.0,0.0,0.0,0.0,Iztapalapa,1,46.0,2116.0,2.0,1,0.0,0.0,0.0,0.0,0.0,4.0,1.0,1.0,2.0,1.0,0.8,1.3333333333333333,2.0,0.4,0.6,0.6,5.0,3.0,0.0,3.0,1.0,1.0,1.0
183,3.0,2.0,1.0,1.0,1.0,Iztapalapa,1,38.0,1444.0,1.0,1,0.0,1.0,1.0,1.0,1.0,2.0,1.0,1.0,3.0,1.0,0.3333333333333333,0.6666666666666666,3.0,0.5,0.5,0.8333333333333334,6.0,3.0,1.0,5.0,1.0,1.0,1.0
185,1.0,0.0,0.0,0.0,1.0,Venustiano Carranza,1,44.0,1936.0,1.0,1,1.0,1.0,0.0,1.0,1.0,2.0,1.0,1.0,2.0,1.0,0.6666666666666666,1.0,2.0,0.6666666666666666,0.6666666666666666,0.3333333333333333,3.0,2.0,0.0,1.0,1.0,0.0,0.0
186,3.0,2.0,1.0,1.0,0.0,Azcapotzalco,1,48.0,2304.0,0.0,0,0.0,0.0,0.0,0.0,0.0,1.0,1.0,1.0,3.0,1.0,0.3333333333333333,0.5,0.0,1.0,0.6666666666666666,1.0,3.0,2.0,1.0,3.0,1.0,1.0,0.0
187,3.0,2.0,1.0,1.0,1.0,Xochimilco,1,34.0,1156.0,2.0,1,1.0,1.0,1.0,1.0,1.0,2.0,1.0,1.0,4.0,0.0,0.5,1.0,4.0,1.0,0.5,0.75,4.0,2.0,1.0,3.0,1.0,0.0,1.0
188,2.0,1.0,0.0,,0.0,Benito Juárez,1,36.0,1296.0,0.0,0,0.0,0.0,0.0,0.0,0.0,2.0,1.0,0.0,6.0,0.0,1.0,1.0,0.0,3.0,1.0,1.0,2.0,2.0,1.0,2.0,1.0,1.0,1.0
189,1.0,0.0,0.0,0.0,0.0,Iztacalco,1,33.0,1089.0,0.0,0,0.0,0.0,0.0,0.0,0.0,6.0,1.0,1.0,8.0,0.0,1.0,1.0,0.0,1.3333333333333333,1.0,0.5,6.0,6.0,1.0,3.0,1.0,1.0,1.0
190,3.0,2.0,1.0,1.0,0.0,Iztapalapa,1,48.0,2304.0,3.0,1,0.0,1.0,1.0,0.0,1.0,2.0,1.0,1.0,1.0,1.0,0.4,0.6666666666666666,1.0,0.2,0.6,0.6,5.0,3.0,0.0,3.0,1.0,0.0,0.0
191,1.0,0.0,0.0,0.0,0.0,Iztapalapa,1,19.0,361.0,0.0,0,0.0,0.0,0.0,0.0,0.0,1.0,1.0,1.0,3.0,1.0,0.3333333333333333,0.3333333333333333,0.0,1.0,1.0,1.0,3.0,3.0,0.0,3.0,1.0,1.0,1.0
192,0.0,0.0,0.0,0.0,0.0,Iztapalapa,1,47.0,2209.0,0.0,0,0.0,0.0,0.0,0.0,0.0,2.0,1.0,1.0,1.0,1.0,1.0,1.0,0.0,0.5,1.0,1.0,2.0,2.0,0.0,2.0,1.0,1.0,1.0
193,2.0,1.0,0.0,,0.0,Iztapalapa,1,34.0,1156.0,3.0,1,0.0,1.0,1.0,0.0,1.0,1.0,1.0,1.0,0.0,1.0,0.2,0.5,0.0,0.0,0.4,0.4,5.0,2.0,0.0,2.0,1.0,0.0,1.0
196,1.0,0.0,0.0,0.0,0.0,Iztapalapa,1,21.0,441.0,0.0,0,0.0,0.0,0.0,0.0,0.0,1.0,1.0,1.0,2.0,1.0,0.3333333333333333,1.0,0.0,0.6666666666666666,0.3333333333333333,0.3333333333333333,3.0,1.0,1.0,1.0,1.0,1.0,1.0
197,2.0,1.0,0.0,,0.0,Iztapalapa,1,46.0,2116.0,2.0,1,0.0,1.0,1.0,0.0,1.0,4.0,1.0,1.0,1.0,1.0,1.0,4.0,1.0,0.25,0.25,0.5,4.0,1.0,0.0,2.0,1.0,1.0,1.0
198,4.0,2.0,1.0,1.0,1.0,Iztapalapa,1,41.0,1681.0,1.0,1,0.0,0.0,0.0,1.0,0.0,0.0,1.0,1.0,2.0,1.0,0.0,0.0,2.0,0.5,0.75,0.5,4.0,3.0,0.0,2.0,1.0,1.0,1.0
199,3.0,2.0,1.0,1.0,0.0,Iztapalapa,1,43.0,1849.0,2.0,1,1.0,1.0,0.0,0.0,1.0,1.0,1.0,1.0,2.0,1.0,0.3333333333333333,1.0,2.0,0.6666666666666666,0.3333333333333333,0.6666666666666666,3.0,1.0,0.0,2.0,1.0,0.0,1.0
200,2.0,1.0,0.0,,0.0,Cuahutémoc,1,29.0,841.0,1.0,1,1.0,1.0,0.0,0.0,1.0,1.0,1.0,0.0,2.0,1.0,0.3333333333333333,0.5,2.0,0.6666666666666666,0.6666666666666666,0.6666666666666666,3.0,2.0,0.0,2.0,1.0,1.0,1.0
202,1.0,0.0,0.0,0.0,0.0,Coyoacán,1,24.0,576.0,0.0,0,0.0,0.0,0.0,0.0,0.0,3.0,1.0,1.0,3.0,1.0,1.0,1.5,0.0,1.0,0.6666666666666666,0.6666666666666666,3.0,2.0,1.0,2.0,1.0,0.0,1.0
203,1.0,0.0,0.0,0.0,1.0,Coyoacán,1,62.0,3844.0,1.0,1,0.0,0.0,0.0,1.0,0.0,1.0,1.0,1.0,2.0,1.0,0.5,1.0,2.0,1.0,0.5,1.5,2.0,1.0,1.0,3.0,1.0,1.0,1.0
206,1.0,0.0,0.0,0.0,0.0,Gustavo A. Madero,1,41.0,1681.0,2.0,1,1.0,1.0,1.0,0.0,1.0,2.0,1.0,1.0,5.0,1.0,0.5,1.0,5.0,1.25,0.5,0.25,4.0,2.0,1.0,1.0,1.0,0.0,1.0
207,3.0,2.0,1.0,1.0,0.0,Iztapalapa,1,47.0,2209.0,2.0,1,0.0,1.0,1.0,0.0,1.0,0.0,1.0,0.0,2.0,1.0,0.0,0.0,2.0,0.6666666666666666,0.6666666666666666,0.6666666666666666,3.0,2.0,1.0,2.0,1.0,1.0,0.0
208,3.0,2.0,1.0,1.0,0.0,Iztapalapa,1,43.0,1849.0,2.0,1,0.0,0.0,0.0,0.0,0.0,1.0,1.0,1.0,1.0,1.0,0.3333333333333333,0.5,1.0,0.3333333333333333,0.6666666666666666,1.0,3.0,2.0,1.0,3.0,1.0,1.0,1.0
209,1.0,0.0,0.0,0.0,0.0,Iztapalapa,1,59.0,3481.0,0.0,0,0.0,0.0,0.0,0.0,0.0,1.0,1.0,1.0,1.0,1.0,0.3333333333333333,0.3333333333333333,0.0,0.3333333333333333,1.0,0.3333333333333333,3.0,3.0,0.0,1.0,1.0,1.0,1.0
210,4.0,2.0,1.0,1.0,1.0,Benito Juárez,1,70.0,4900.0,4.0,1,0.0,0.0,0.0,1.0,0.0,3.0,1.0,0.0,5.0,1.0,0.75,1.0,5.0,1.25,0.75,0.5,4.0,3.0,1.0,2.0,1.0,0.0,1.0
211,3.0,2.0,1.0,1.0,0.0,Benito Juárez,1,30.0,900.0,0.0,0,0.0,0.0,0.0,0.0,0.0,1.0,1.0,1.0,2.0,1.0,0.2,0.5,0.0,0.4,0.4,0.2,5.0,2.0,0.0,1.0,1.0,1.0,0.0
213,3.0,2.0,1.0,1.0,1.0,Iztacalco,1,44.0,1936.0,2.0,1,0.0,1.0,1.0,1.0,1.0,4.0,1.0,1.0,4.0,1.0,0.8,1.3333333333333333,4.0,0.8,0.6,0.4,5.0,3.0,1.0,2.0,1.0,1.0,1.0
214,3.0,2.0,1.0,1.0,0.0,Coyoacán,1,61.0,3721.0,1.0,1,0.0,0.0,0.0,0.0,0.0,2.0,1.0,0.0,2.0,1.0,1.0,2.0,2.0,1.0,0.5,1.5,2.0,1.0,1.0,3.0,1.0,1.0,1.0
215,3.0,2.0,1.0,1.0,1.0,Xochimilco,1,32.0,1024.0,1.0,1,0.0,0.0,0.0,1.0,0.0,2.0,1.0,1.0,3.0,0.0,0.6666666666666666,1.0,3.0,1.0,0.6666666666666666,1.3333333333333333,3.0,2.0,1.0,4.0,1.0,0.0,1.0
216,1.0,0.0,0.0,0.0,0.0,Benito Juárez,1,34.0,1156.0,0.0,0,0.0,0.0,0.0,0.0,0.0,2.0,1.0,1.0,3.0,0.0,1.0,1.0,0.0,1.5,1.0,1.0,2.0,2.0,1.0,2.0,1.0,1.0,1.0
217,2.0,1.0,0.0,,1.0,Gustavo A. Madero,1,48.0,2304.0,2.0,1,0.0,0.0,0.0,1.0,0.0,3.0,1.0,1.0,4.0,1.0,0.375,0.75,4.0,0.5,0.5,0.375,8.0,4.0,0.0,3.0,1.0,1.0,0.0
218,4.0,2.0,1.0,1.0,0.0,Benito Juárez,1,33.0,1089.0,0.0,0,0.0,0.0,0.0,0.0,0.0,2.0,1.0,1.0,4.0,0.0,1.0,1.0,0.0,2.0,1.0,0.5,2.0,2.0,1.0,1.0,1.0,0.0,1.0
219,2.0,1.0,0.0,,0.0,Xochimilco,1,22.0,484.0,0.0,0,0.0,0.0,0.0,0.0,0.0,1.0,1.0,1.0,2.0,1.0,0.25,0.5,0.0,0.5,0.5,0.75,4.0,2.0,0.0,3.0,1.0,0.0,1.0
220,1.0,0.0,0.0,0.0,0.0,Benito Juárez,1,25.0,625.0,0.0,0,0.0,0.0,0.0,0.0,0.0,2.0,1.0,0.0,3.0,0.0,1.0,1.0,0.0,1.5,1.0,1.0,2.0,2.0,0.0,2.0,1.0,0.0,1.0
221,3.0,2.0,1.0,1.0,0.0,Iztapalapa,1,29.0,841.0,0.0,0,0.0,0.0,0.0,0.0,0.0,2.0,1.0,1.0,2.0,1.0,0.25,0.5,0.0,0.25,0.5,0.25,8.0,4.0,0.0,2.0,1.0,0.0,0.0
222,3.0,2.0,1.0,1.0,0.0,Miguel Hidalgo,1,31.0,961.0,0.0,0,0.0,0.0,0.0,0.0,0.0,0.0,1.0,1.0,2.0,0.0,0.0,0.0,0.0,2.0,1.0,1.0,1.0,1.0,1.0,1.0,1.0,0.0,0.0
223,3.0,2.0,1.0,1.0,0.0,Iztacalco,1,41.0,1681.0,0.0,0,0.0,0.0,0.0,0.0,0.0,2.0,1.0,0.0,5.0,1.0,1.0,2.0,0.0,2.5,0.5,1.0,2.0,1.0,1.0,2.0,0.0,0.0,1.0
224,1.0,0.0,0.0,0.0,0.0,Benito Juárez,1,29.0,841.0,1.0,1,1.0,1.0,0.0,0.0,1.0,1.0,1.0,0.0,3.0,0.0,0.5,1.0,3.0,1.5,0.5,0.5,2.0,1.0,1.0,1.0,1.0,0.0,1.0
225,3.0,2.0,1.0,1.0,1.0,Azcapotzalco,1,41.0,1681.0,1.0,1,0.0,0.0,0.0,1.0,0.0,2.0,1.0,0.0,3.0,1.0,0.6666666666666666,1.0,3.0,1.0,0.6666666666666666,1.0,3.0,2.0,1.0,3.0,1.0,1.0,1.0
226,1.0,0.0,0.0,0.0,0.0,Benito Juárez,1,48.0,2304.0,1.0,1,0.0,0.0,0.0,0.0,0.0,1.0,1.0,1.0,2.0,1.0,0.3333333333333333,1.0,2.0,0.6666666666666666,0.3333333333333333,0.6666666666666666,3.0,1.0,1.0,2.0,1.0,1.0,1.0
227,2.0,1.0,0.0,,0.0,Iztacalco,1,25.0,625.0,0.0,0,0.0,0.0,0.0,0.0,0.0,2.0,1.0,1.0,1.0,1.0,0.6666666666666666,1.0,0.0,0.3333333333333333,0.6666666666666666,0.3333333333333333,3.0,2.0,0.0,1.0,1.0,1.0,1.0
228,2.0,1.0,0.0,,0.0,Benito Juárez,1,25.0,625.0,0.0,0,0.0,0.0,0.0,0.0,0.0,1.0,0.0,1.0,1.0,1.0,0.1,0.16666666666666666,0.0,0.1,0.6,0.2,10.0,6.0,0.0,2.0,1.0,1.0,0.0
229,3.0,2.0,1.0,1.0,0.0,Cuahutémoc,1,33.0,1089.0,0.0,0,0.0,0.0,0.0,0.0,0.0,3.0,1.0,1.0,4.0,1.0,1.0,1.0,0.0,1.3333333333333333,1.0,1.0,3.0,3.0,1.0,3.0,1.0,0.0,1.0
231,3.0,2.0,1.0,1.0,0.0,Coyoacán,1,29.0,841.0,0.0,0,0.0,0.0,0.0,0.0,0.0,3.0,1.0,0.0,2.0,1.0,0.75,0.75,0.0,0.5,1.0,0.75,4.0,4.0,0.0,3.0,1.0,1.0,1.0
232,2.0,1.0,0.0,,0.0,Coyoacán,1,31.0,961.0,0.0,0,0.0,0.0,0.0,0.0,0.0,1.0,1.0,1.0,3.0,1.0,0.25,0.25,0.0,0.75,1.0,0.75,4.0,4.0,1.0,3.0,1.0,1.0,1.0
233,1.0,0.0,0.0,0.0,0.0,Xochimilco,1,25.0,625.0,0.0,0,0.0,0.0,0.0,0.0,0.0,2.0,1.0,0.0,7.0,0.0,0.6666666666666666,0.6666666666666666,0.0,2.3333333333333335,1.0,1.6666666666666667,3.0,3.0,1.0,5.0,1.0,1.0,1.0
234,3.0,2.0,1.0,1.0,0.0,Álvaro Obregón,1,26.0,676.0,0.0,0,0.0,0.0,0.0,0.0,0.0,1.0,1.0,1.0,5.0,0.0,0.3333333333333333,0.3333333333333333,0.0,1.6666666666666667,1.0,0.6666666666666666,3.0,3.0,1.0,2.0,1.0,1.0,0.0
235,1.0,0.0,0.0,0.0,0.0,Álvaro Obregón,1,29.0,841.0,0.0,0,0.0,0.0,0.0,0.0,0.0,0.0,1.0,1.0,4.0,0.0,0.0,0.0,0.0,1.3333333333333333,0.6666666666666666,2.6666666666666665,3.0,2.0,1.0,8.0,1.0,0.0,0.0
236,2.0,1.0,0.0,,0.0,Iztapalapa,1,25.0,625.0,2.0,1,1.0,1.0,0.0,0.0,1.0,4.0,1.0,1.0,3.0,1.0,0.8,4.0,3.0,0.6,0.2,0.2,5.0,1.0,1.0,1.0,1.0,1.0,1.0
237,3.0,2.0,1.0,1.0,0.0,Coyoacán,1,37.0,1369.0,0.0,0,0.0,0.0,0.0,0.0,0.0,2.0,1.0,1.0,2.0,1.0,1.0,1.0,0.0,1.0,1.0,0.5,2.0,2.0,1.0,1.0,1.0,0.0,1.0
238,2.0,1.0,0.0,,0.0,Álvaro Obregón,1,29.0,841.0,0.0,0,0.0,0.0,0.0,0.0,0.0,1.0,1.0,1.0,3.0,0.0,0.3333333333333333,0.3333333333333333,0.0,1.0,1.0,0.3333333333333333,3.0,3.0,1.0,1.0,1.0,1.0,1.0
239,3.0,2.0,1.0,1.0,0.0,Benito Juárez,1,30.0,900.0,0.0,0,0.0,0.0,0.0,0.0,0.0,2.0,1.0,0.0,3.0,0.0,1.0,1.0,0.0,1.5,1.0,1.0,2.0,2.0,1.0,2.0,1.0,0.0,1.0
240,3.0,2.0,1.0,1.0,0.0,Álvaro Obregón,1,28.0,784.0,0.0,0,0.0,0.0,0.0,0.0,0.0,2.0,1.0,1.0,6.0,1.0,0.5,0.6666666666666666,0.0,1.5,0.75,0.75,4.0,3.0,1.0,3.0,1.0,1.0,1.0
241,3.0,2.0,1.0,1.0,0.0,Cuajimalpa,1,27.0,729.0,0.0,0,0.0,0.0,0.0,0.0,0.0,2.0,1.0,1.0,6.0,0.0,0.5,0.5,0.0,1.5,1.0,1.0,4.0,4.0,1.0,4.0,1.0,1.0,1.0
242,4.0,2.0,1.0,1.0,0.0,Álvaro Obregón,1,30.0,900.0,0.0,0,0.0,0.0,0.0,0.0,0.0,2.0,1.0,0.0,5.0,1.0,0.6666666666666666,1.0,0.0,1.6666666666666667,0.6666666666666666,1.0,3.0,2.0,1.0,3.0,1.0,1.0,1.0
243,1.0,0.0,0.0,0.0,0.0,Benito Juárez,1,30.0,900.0,0.0,0,0.0,0.0,0.0,0.0,0.0,2.0,1.0,0.0,3.0,0.0,1.0,1.0,0.0,1.5,1.0,1.0,2.0,2.0,1.0,2.0,1.0,0.0,1.0
244,2.0,1.0,0.0,,0.0,Álvaro Obregón,1,29.0,841.0,0.0,0,0.0,0.0,0.0,0.0,0.0,2.0,1.0,0.0,3.0,0.0,1.0,1.0,0.0,1.5,1.0,2.5,2.0,2.0,0.0,5.0,1.0,1.0,1.0
245,3.0,2.0,1.0,1.0,0.0,Benito Juárez,1,29.0,841.0,0.0,0,0.0,0.0,0.0,0.0,0.0,1.0,1.0,0.0,1.0,1.0,1.0,1.0,0.0,1.0,1.0,1.0,1.0,1.0,1.0,1.0,1.0,0.0,0.0
246,4.0,2.0,1.0,1.0,0.0,Álvaro Obregón,1,29.0,841.0,0.0,0,0.0,0.0,0.0,0.0,0.0,2.0,1.0,0.0,4.0,0.0,0.6666666666666666,1.0,0.0,1.3333333333333333,0.6666666666666666,0.6666666666666666,3.0,2.0,1.0,2.0,1.0,0.0,1.0
247,2.0,1.0,0.0,,0.0,Benito Juárez,1,29.0,841.0,0.0,0,0.0,0.0,0.0,0.0,0.0,2.0,1.0,1.0,2.0,1.0,0.5,1.0,0.0,0.5,0.5,0.5,4.0,2.0,1.0,2.0,1.0,1.0,1.0
249,3.0,2.0,1.0,1.0,0.0,Miguel Hidalgo,1,31.0,961.0,0.0,0,0.0,0.0,0.0,0.0,0.0,3.0,1.0,1.0,8.0,0.0,1.0,1.0,0.0,2.6666666666666665,1.0,0.3333333333333333,3.0,3.0,1.0,1.0,1.0,0.0,1.0
251,3.0,2.0,1.0,1.0,0.0,Miguel Hidalgo,1,33.0,1089.0,0.0,0,0.0,0.0,0.0,0.0,0.0,1.0,1.0,0.0,2.0,0.0,0.5,0.5,0.0,1.0,1.0,0.5,2.0,2.0,0.0,1.0,1.0,0.0,0.0
252,4.0,2.0,1.0,1.0,0.0,Cuahutémoc,1,28.0,784.0,0.0,0,0.0,0.0,0.0,0.0,0.0,2.0,1.0,0.0,3.0,1.0,1.0,1.0,0.0,1.5,1.0,1.0,2.0,2.0,1.0,2.0,0.0,0.0,1.0
253,3.0,2.0,1.0,1.0,1.0,Milpa Alta,1,33.0,1089.0,2.0,1,1.0,1.0,0.0,1.0,1.0,0.0,1.0,1.0,0.0,1.0,0.0,0.0,0.0,0.0,0.0,0.3333333333333333,3.0,0.0,0.0,1.0,1.0,1.0,1.0
254,1.0,0.0,0.0,0.0,0.0,Álvaro Obregón,1,26.0,676.0,0.0,0,0.0,0.0,0.0,0.0,0.0,2.0,1.0,0.0,5.0,0.0,0.5,1.0,0.0,1.25,0.5,0.75,4.0,2.0,1.0,3.0,1.0,0.0,1.0
255,3.0,2.0,1.0,1.0,0.0,Álvaro Obregón,1,24.0,576.0,0.0,0,0.0,0.0,0.0,0.0,0.0,2.0,1.0,1.0,5.0,0.0,1.0,1.0,0.0,2.5,1.0,1.0,2.0,2.0,1.0,2.0,1.0,0.0,1.0
256,1.0,0.0,0.0,0.0,0.0,Cuahutémoc,1,36.0,1296.0,0.0,0,0.0,0.0,0.0,0.0,0.0,0.0,1.0,1.0,2.0,0.0,0.0,0.0,0.0,2.0,1.0,0.0,1.0,1.0,0.0,0.0,1.0,0.0,1.0
257,3.0,2.0,1.0,1.0,0.0,Benito Juárez,1,25.0,625.0,0.0,0,0.0,0.0,0.0,0.0,0.0,3.0,1.0,0.0,6.0,0.0,1.0,1.0,0.0,2.0,1.0,1.3333333333333333,3.0,3.0,1.0,4.0,1.0,0.0,1.0
260,4.0,2.0,1.0,1.0,0.0,Coyoacán,1,26.0,676.0,0.0,0,0.0,0.0,0.0,0.0,0.0,1.0,1.0,0.0,4.0,0.0,0.3333333333333333,1.0,0.0,1.3333333333333333,0.3333333333333333,1.0,3.0,1.0,1.0,3.0,1.0,1.0,1.0
261,2.0,1.0,0.0,,0.0,Álvaro Obregón,1,29.0,841.0,0.0,0,0.0,0.0,0.0,0.0,0.0,0.0,1.0,0.0,2.0,0.0,0.0,0.0,0.0,2.0,1.0,2.0,1.0,1.0,0.0,2.0,1.0,0.0,1.0
262,3.0,2.0,1.0,1.0,0.0,Álvaro Obregón,1,57.0,3249.0,2.0,1,0.0,0.0,0.0,0.0,0.0,2.0,1.0,1.0,5.0,1.0,0.6666666666666666,0.6666666666666666,5.0,1.6666666666666667,1.0,0.3333333333333333,3.0,3.0,1.0,1.0,1.0,0.0,1.0
263,1.0,0.0,0.0,0.0,0.0,Tlalpan,1,25.0,625.0,0.0,0,0.0,0.0,0.0,0.0,0.0,3.0,1.0,1.0,5.0,1.0,0.6,1.0,0.0,1.0,0.6,0.6,5.0,3.0,1.0,3.0,1.0,0.0,1.0
264,3.0,2.0,1.0,1.0,0.0,Coyoacán,1,28.0,784.0,0.0,0,0.0,0.0,0.0,0.0,0.0,2.0,1.0,0.0,3.0,1.0,1.0,1.0,0.0,1.5,1.0,0.5,2.0,2.0,1.0,1.0,1.0,0.0,1.0
266,3.0,2.0,1.0,1.0,0.0,Miguel Hidalgo,1,29.0,841.0,0.0,0,0.0,0.0,0.0,0.0,0.0,1.0,1.0,0.0,2.0,0.0,1.0,1.0,0.0,2.0,1.0,2.0,1.0,1.0,0.0,2.0,1.0,0.0,0.0
267,3.0,2.0,1.0,1.0,0.0,Miguel Hidalgo,1,29.0,841.0,0.0,0,0.0,0.0,0.0,0.0,0.0,1.0,1.0,0.0,2.0,0.0,1.0,1.0,0.0,2.0,1.0,2.0,1.0,1.0,0.0,2.0,1.0,0.0,0.0
268,4.0,2.0,1.0,1.0,1.0,Magdalena Contreras,1,41.0,1681.0,3.0,1,1.0,1.0,0.0,1.0,1.0,1.0,1.0,0.0,6.0,0.0,0.2,0.5,6.0,1.2,0.4,0.4,5.0,2.0,1.0,2.0,1.0,1.0,1.0
269,3.0,2.0,1.0,1.0,1.0,Álvaro Obregón,1,44.0,1936.0,3.0,1,1.0,1.0,0.0,1.0,1.0,1.0,1.0,1.0,6.0,0.0,0.2,0.5,6.0,1.2,0.4,0.2,5.0,2.0,1.0,1.0,1.0,0.0,1.0
270,4.0,2.0,1.0,1.0,0.0,Álvaro Obregón,1,50.0,2500.0,1.0,1,1.0,1.0,0.0,0.0,1.0,2.0,1.0,1.0,3.0,0.0,0.6666666666666666,1.0,3.0,1.0,0.6666666666666666,1.0,3.0,2.0,1.0,3.0,1.0,0.0,0.0
273,3.0,2.0,1.0,1.0,0.0,Álvaro Obregón,1,25.0,625.0,0.0,0,0.0,0.0,0.0,0.0,0.0,1.0,1.0,0.0,4.0,0.0,0.5,0.5,0.0,2.0,1.0,1.5,2.0,2.0,1.0,3.0,1.0,0.0,1.0
274,0.0,0.0,0.0,0.0,1.0,Álvaro Obregón,1,51.0,2601.0,1.0,1,0.0,0.0,0.0,1.0,0.0,3.0,1.0,0.0,4.0,1.0,1.0,1.5,4.0,1.3333333333333333,0.6666666666666666,0.6666666666666666,3.0,2.0,1.0,2.0,1.0,0.0,1.0
277,1.0,0.0,0.0,0.0,1.0,Benito Juárez,1,43.0,1849.0,1.0,1,0.0,0.0,0.0,1.0,0.0,3.0,1.0,1.0,2.0,1.0,1.0,1.5,2.0,0.6666666666666666,0.6666666666666666,0.6666666666666666,3.0,2.0,1.0,2.0,1.0,0.0,1.0
278,1.0,0.0,0.0,0.0,0.0,Álvaro Obregón,1,52.0,2704.0,3.0,1,1.0,1.0,0.0,0.0,1.0,1.0,1.0,1.0,3.0,0.0,0.25,0.5,3.0,0.75,0.5,0.25,4.0,2.0,1.0,1.0,1.0,0.0,1.0
279,4.0,2.0,1.0,1.0,1.0,Álvaro Obregón,1,64.0,4096.0,3.0,1,0.0,0.0,0.0,1.0,0.0,2.0,1.0,1.0,3.0,0.0,0.6666666666666666,1.0,3.0,1.0,0.6666666666666666,0.6666666666666666,3.0,2.0,1.0,2.0,1.0,0.0,1.0
280,4.0,2.0,1.0,1.0,0.0,Álvaro Obregón,1,55.0,3025.0,0.0,0,0.0,0.0,0.0,0.0,0.0,1.0,1.0,1.0,1.0,0.0,1.0,1.0,0.0,1.0,1.0,1.0,1.0,1.0,1.0,1.0,1.0,1.0,1.0
281,4.0,2.0,1.0,1.0,1.0,Álvaro Obregón,1,51.0,2601.0,2.0,1,0.0,1.0,1.0,1.0,1.0,1.0,1.0,1.0,6.0,0.0,0.25,1.0,6.0,1.5,0.25,0.75,4.0,1.0,1.0,3.0,1.0,0.0,1.0
282,4.0,2.0,1.0,1.0,1.0,Álvaro Obregón,1,42.0,1764.0,1.0,1,0.0,0.0,0.0,1.0,0.0,1.0,1.0,1.0,6.0,1.0,0.3333333333333333,1.0,6.0,2.0,0.3333333333333333,2.0,3.0,1.0,1.0,6.0,1.0,1.0,1.0
283,1.0,0.0,0.0,0.0,1.0,Magdalena Contreras,1,58.0,3364.0,4.0,1,1.0,1.0,1.0,1.0,1.0,2.0,1.0,0.0,5.0,1.0,0.5,1.0,5.0,1.25,0.5,0.5,4.0,2.0,1.0,2.0,1.0,1.0,1.0
285,3.0,2.0,1.0,1.0,1.0,Cuahutémoc,1,47.0,2209.0,2.0,1,0.0,1.0,1.0,1.0,1.0,2.0,1.0,0.0,3.0,1.0,0.5,1.0,3.0,0.75,0.5,0.25,4.0,2.0,0.0,1.0,1.0,0.0,1.0
286,1.0,0.0,0.0,0.0,0.0,Álvaro Obregón,1,60.0,3600.0,2.0,1,0.0,0.0,0.0,0.0,0.0,1.0,1.0,1.0,3.0,0.0,0.5,0.5,3.0,1.5,1.0,1.0,2.0,2.0,1.0,2.0,0.0,0.0,1.0
287,3.0,2.0,1.0,1.0,0.0,Cuajimalpa,1,28.0,784.0,0.0,0,0.0,0.0,0.0,0.0,0.0,3.0,1.0,0.0,5.0,0.0,0.6,1.0,0.0,1.0,0.6,0.2,5.0,3.0,1.0,1.0,1.0,1.0,1.0
288,4.0,2.0,1.0,1.0,0.0,Álvaro Obregón,1,59.0,3481.0,3.0,1,0.0,0.0,0.0,0.0,0.0,4.0,1.0,1.0,4.0,0.0,1.0,1.0,4.0,1.0,1.0,0.75,4.0,4.0,1.0,3.0,1.0,0.0,0.0
289,1.0,0.0,0.0,0.0,0.0,Álvaro Obregón,1,59.0,3481.0,3.0,1,0.0,0.0,0.0,0.0,0.0,1.0,1.0,1.0,6.0,0.0,0.2,0.5,6.0,1.2,0.4,0.4,5.0,2.0,1.0,2.0,1.0,1.0,1.0
290,4.0,2.0,1.0,1.0,1.0,Álvaro Obregón,1,50.0,2500.0,4.0,1,1.0,1.0,0.0,1.0,1.0,0.0,1.0,1.0,5.0,0.0,0.0,0.0,5.0,0.7142857142857143,0.42857142857142855,0.5714285714285714,7.0,3.0,1.0,4.0,1.0,1.0,1.0
291,3.0,2.0,1.0,1.0,1.0,Miguel Hidalgo,1,40.0,1600.0,2.0,1,1.0,1.0,0.0,1.0,1.0,1.0,1.0,1.0,3.0,1.0,0.25,0.5,3.0,0.75,0.5,0.5,4.0,2.0,1.0,2.0,1.0,1.0,1.0
292,3.0,2.0,1.0,1.0,1.0,Álvaro Obregón,1,48.0,2304.0,1.0,1,0.0,0.0,0.0,1.0,0.0,2.0,1.0,1.0,5.0,1.0,0.6666666666666666,1.0,5.0,1.6666666666666667,0.6666666666666666,0.6666666666666666,3.0,2.0,1.0,2.0,0.0,1.0,1.0
294,4.0,2.0,1.0,1.0,1.0,Magdalena Contreras,1,38.0,1444.0,2.0,1,1.0,1.0,0.0,1.0,1.0,1.0,1.0,1.0,2.0,0.0,0.25,0.5,2.0,0.5,0.5,0.25,4.0,2.0,1.0,1.0,1.0,0.0,1.0
295,4.0,2.0,1.0,1.0,1.0,Álvaro Obregón,1,54.0,2916.0,3.0,1,0.0,0.0,0.0,1.0,0.0,2.0,1.0,1.0,4.0,0.0,0.5,0.5,4.0,1.0,1.0,0.75,4.0,4.0,1.0,3.0,1.0,0.0,1.0
296,1.0,0.0,0.0,0.0,0.0,Miguel Hidalgo,1,53.0,2809.0,2.0,1,0.0,0.0,0.0,0.0,0.0,2.0,1.0,1.0,3.0,1.0,0.6666666666666666,1.0,3.0,1.0,0.6666666666666666,1.0,3.0,2.0,1.0,3.0,1.0,1.0,1.0
297,3.0,2.0,1.0,1.0,0.0,Benito Juárez,1,31.0,961.0,0.0,0,0.0,0.0,0.0,0.0,0.0,0.0,1.0,0.0,1.0,0.0,0.0,0.0,0.0,1.0,1.0,3.0,1.0,1.0,1.0,3.0,1.0,0.0,1.0
298,3.0,2.0,1.0,1.0,0.0,Benito Juárez,1,36.0,1296.0,0.0,0,0.0,0.0,0.0,0.0,0.0,2.0,1.0,0.0,6.0,1.0,1.0,1.0,0.0,3.0,1.0,1.0,2.0,2.0,1.0,2.0,1.0,1.0,1.0
300,1.0,0.0,0.0,0.0,0.0,Álvaro Obregón,1,53.0,2809.0,2.0,1,0.0,0.0,0.0,0.0,0.0,0.0,1.0,1.0,4.0,1.0,0.0,0.0,4.0,1.0,0.5,0.25,4.0,2.0,1.0,1.0,0.0,1.0,1.0
301,0.0,0.0,0.0,0.0,0.0,Miguel Hidalgo,1,25.0,625.0,0.0,0,0.0,0.0,0.0,0.0,0.0,2.0,1.0,1.0,10.0,0.0,0.6666666666666666,1.0,0.0,3.3333333333333335,0.6666666666666666,1.6666666666666667,3.0,2.0,1.0,5.0,1.0,1.0,1.0
302,3.0,2.0,1.0,1.0,0.0,Benito Juárez,1,33.0,1089.0,0.0,0,0.0,0.0,0.0,0.0,0.0,3.0,1.0,0.0,3.0,1.0,1.0,1.0,0.0,1.0,1.0,1.0,3.0,3.0,0.0,3.0,1.0,1.0,1.0
303,1.0,0.0,0.0,0.0,0.0,Coyoacán,1,32.0,1024.0,0.0,0,0.0,0.0,0.0,0.0,0.0,2.0,1.0,1.0,5.0,1.0,1.0,1.0,0.0,2.5,1.0,0.5,2.0,2.0,0.0,1.0,1.0,1.0,1.0
304,3.0,2.0,1.0,1.0,0.0,Álvaro Obregón,1,36.0,1296.0,0.0,0,0.0,0.0,0.0,0.0,0.0,2.0,1.0,0.0,4.0,1.0,1.0,1.0,0.0,2.0,1.0,0.5,2.0,2.0,1.0,1.0,1.0,0.0,1.0
306,4.0,2.0,1.0,1.0,1.0,Magdalena Contreras,1,48.0,2304.0,2.0,1,1.0,1.0,0.0,1.0,1.0,1.0,1.0,0.0,4.0,1.0,0.25,1.0,4.0,1.0,0.25,0.25,4.0,1.0,1.0,1.0,1.0,0.0,0.0
310,4.0,2.0,1.0,1.0,1.0,Álvaro Obregón,1,26.0,676.0,2.0,1,0.0,0.0,0.0,1.0,0.0,1.0,0.0,1.0,0.0,1.0,0.25,1.0,0.0,0.0,0.25,0.25,4.0,1.0,0.0,1.0,1.0,0.0,1.0
311,3.0,2.0,1.0,1.0,1.0,Álvaro Obregón,1,59.0,3481.0,1.0,1,1.0,1.0,0.0,1.0,1.0,2.0,1.0,1.0,6.0,0.0,0.6666666666666666,1.0,6.0,2.0,0.6666666666666666,1.0,3.0,2.0,1.0,3.0,1.0,1.0,1.0
312,3.0,2.0,1.0,1.0,0.0,Benito Juárez,1,32.0,1024.0,0.0,0,0.0,0.0,0.0,0.0,0.0,2.0,1.0,0.0,2.0,1.0,1.0,1.0,0.0,1.0,1.0,0.5,2.0,2.0,1.0,1.0,1.0,0.0,1.0
313,2.0,1.0,0.0,,0.0,Iztapalapa,1,33.0,1089.0,0.0,0,0.0,0.0,0.0,0.0,0.0,3.0,1.0,0.0,6.0,1.0,1.0,1.0,0.0,2.0,1.0,1.3333333333333333,3.0,3.0,0.0,4.0,0.0,0.0,1.0
314,3.0,2.0,1.0,1.0,0.0,Venustiano Carranza,1,25.0,625.0,0.0,0,0.0,0.0,0.0,0.0,0.0,1.0,1.0,1.0,3.0,1.0,0.3333333333333333,0.3333333333333333,0.0,1.0,1.0,1.3333333333333333,3.0,3.0,0.0,4.0,1.0,1.0,1.0
315,3.0,2.0,1.0,1.0,1.0,Benito Juárez,1,43.0,1849.0,2.0,1,0.0,0.0,0.0,1.0,0.0,0.0,1.0,0.0,5.0,1.0,0.0,0.0,5.0,1.25,0.0,0.25,4.0,0.0,1.0,1.0,1.0,1.0,1.0
316,1.0,0.0,0.0,0.0,0.0,Benito Juárez,1,46.0,2116.0,2.0,1,1.0,1.0,0.0,0.0,1.0,2.0,1.0,0.0,4.0,1.0,0.5,1.0,4.0,1.0,0.5,0.0,4.0,2.0,1.0,0.0,1.0,1.0,1.0
318,1.0,0.0,0.0,0.0,0.0,Iztapalapa,1,27.0,729.0,0.0,0,0.0,0.0,0.0,0.0,0.0,1.0,1.0,1.0,2.0,1.0,0.25,1.0,0.0,0.5,0.25,0.5,4.0,1.0,0.0,2.0,1.0,1.0,1.0
319,4.0,2.0,1.0,1.0,1.0,Álvaro Obregón,1,46.0,2116.0,1.0,1,1.0,1.0,0.0,1.0,1.0,2.0,1.0,1.0,3.0,1.0,0.4,0.6666666666666666,3.0,0.6,0.6,0.4,5.0,3.0,1.0,2.0,1.0,0.0,1.0
320,0.0,0.0,0.0,0.0,0.0,Gustavo A. Madero,1,34.0,1156.0,0.0,0,0.0,0.0,0.0,0.0,0.0,3.0,1.0,0.0,3.0,1.0,1.0,1.0,0.0,1.0,1.0,0.3333333333333333,3.0,3.0,0.0,1.0,1.0,1.0,1.0
321,1.0,0.0,0.0,0.0,0.0,Álvaro Obregón,1,52.0,2704.0,2.0,1,1.0,1.0,0.0,0.0,1.0,2.0,1.0,1.0,4.0,1.0,0.5,1.0,4.0,1.0,0.5,0.5,4.0,2.0,1.0,2.0,1.0,1.0,1.0
322,1.0,0.0,0.0,0.0,0.0,Cuajimalpa,1,46.0,2116.0,0.0,0,0.0,0.0,0.0,0.0,0.0,2.0,1.0,1.0,2.0,1.0,0.4,0.6666666666666666,0.0,0.4,0.6,0.4,5.0,3.0,1.0,2.0,1.0,0.0,1.0
324,3.0,2.0,1.0,1.0,0.0,Coyoacán,1,32.0,1024.0,0.0,0,0.0,0.0,0.0,0.0,0.0,2.0,1.0,1.0,2.0,1.0,1.0,1.0,0.0,1.0,1.0,1.5,2.0,2.0,1.0,3.0,1.0,0.0,1.0
325,3.0,2.0,1.0,1.0,0.0,Benito Juárez,1,31.0,961.0,0.0,0,0.0,0.0,0.0,0.0,0.0,2.0,1.0,0.0,3.0,1.0,0.6666666666666666,0.6666666666666666,0.0,1.0,1.0,0.3333333333333333,3.0,3.0,0.0,1.0,1.0,0.0,0.0
326,3.0,2.0,1.0,1.0,0.0,Azcapotzalco,1,47.0,2209.0,2.0,1,0.0,0.0,0.0,0.0,0.0,2.0,1.0,1.0,2.0,1.0,0.4,1.0,2.0,0.4,0.4,0.6,5.0,2.0,0.0,3.0,1.0,1.0,1.0
327,4.0,2.0,1.0,1.0,0.0,Benito Juárez,1,48.0,2304.0,1.0,1,1.0,1.0,0.0,0.0,1.0,1.0,1.0,1.0,2.0,1.0,0.5,1.0,2.0,1.0,0.5,1.0,2.0,1.0,1.0,2.0,0.0,0.0,0.0
332,2.0,1.0,0.0,,1.0,Xochimilco,1,48.0,2304.0,2.0,1,0.0,1.0,1.0,1.0,1.0,1.0,1.0,1.0,2.0,1.0,0.25,0.5,2.0,0.5,0.5,0.5,4.0,2.0,1.0,2.0,1.0,1.0,1.0
335,3.0,2.0,1.0,1.0,0.0,Miguel Hidalgo,1,36.0,1296.0,0.0,0,0.0,0.0,0.0,0.0,0.0,1.0,1.0,1.0,2.0,1.0,0.5,1.0,0.0,1.0,0.5,0.5,2.0,1.0,0.0,1.0,1.0,0.0,1.0
336,1.0,0.0,0.0,0.0,0.0,Azcapotzalco,1,50.0,2500.0,2.0,1,1.0,1.0,0.0,0.0,1.0,2.0,1.0,1.0,4.0,1.0,0.5,1.0,4.0,1.0,0.5,0.75,4.0,2.0,1.0,3.0,1.0,1.0,1.0
337,3.0,2.0,1.0,1.0,0.0,Miguel Hidalgo,1,38.0,1444.0,0.0,0,0.0,0.0,0.0,0.0,0.0,2.0,1.0,1.0,2.0,1.0,1.0,1.0,0.0,1.0,1.0,0.5,2.0,2.0,0.0,1.0,1.0,0.0,0.0
341,2.0,1.0,0.0,,0.0,Azcapotzalco,1,30.0,900.0,0.0,0,0.0,0.0,0.0,0.0,0.0,0.0,1.0,0.0,2.0,1.0,0.0,0.0,0.0,2.0,1.0,4.0,1.0,1.0,1.0,4.0,1.0,0.0,1.0
342,3.0,2.0,1.0,1.0,0.0,Iztapalapa,1,45.0,2025.0,2.0,1,0.0,0.0,0.0,0.0,0.0,1.0,1.0,1.0,1.0,1.0,0.3333333333333333,1.0,1.0,0.3333333333333333,0.3333333333333333,0.3333333333333333,3.0,1.0,0.0,1.0,1.0,0.0,1.0
343,2.0,1.0,0.0,,0.0,Cuajimalpa,1,28.0,784.0,0.0,0,0.0,0.0,0.0,0.0,0.0,1.0,1.0,1.0,5.0,0.0,0.25,1.0,0.0,1.25,0.25,0.25,4.0,1.0,1.0,1.0,1.0,1.0,1.0
344,2.0,1.0,0.0,,1.0,Benito Juárez,1,42.0,1764.0,2.0,1,0.0,1.0,1.0,1.0,1.0,2.0,1.0,1.0,4.0,1.0,0.5,1.0,4.0,1.0,0.5,1.25,4.0,2.0,1.0,5.0,1.0,0.0,1.0
345,4.0,2.0,1.0,1.0,0.0,Gustavo A. Madero,1,58.0,3364.0,2.0,1,0.0,0.0,0.0,0.0,0.0,0.0,1.0,1.0,3.0,0.0,0.0,0.0,3.0,1.0,0.0,0.6666666666666666,3.0,0.0,1.0,2.0,0.0,0.0,1.0
347,0.0,0.0,0.0,0.0,0.0,Azcapotzalco,1,43.0,1849.0,1.0,1,0.0,1.0,1.0,0.0,1.0,0.0,1.0,1.0,4.0,1.0,0.0,0.0,4.0,1.3333333333333333,0.6666666666666666,1.0,3.0,2.0,1.0,3.0,1.0,1.0,1.0
348,1.0,0.0,0.0,0.0,0.0,Miguel Hidalgo,1,32.0,1024.0,0.0,0,0.0,0.0,0.0,0.0,0.0,2.0,1.0,1.0,4.0,1.0,1.0,1.0,0.0,2.0,1.0,1.0,2.0,2.0,1.0,2.0,0.0,0.0,1.0
350,3.0,2.0,1.0,1.0,1.0,Azcapotzalco,1,59.0,3481.0,1.0,1,0.0,0.0,0.0,1.0,0.0,1.0,1.0,0.0,4.0,1.0,0.3333333333333333,1.0,4.0,1.3333333333333333,0.3333333333333333,1.3333333333333333,3.0,1.0,1.0,4.0,1.0,1.0,1.0
351,3.0,2.0,1.0,1.0,1.0,Azcapotzalco,1,59.0,3481.0,1.0,1,0.0,0.0,0.0,1.0,0.0,1.0,1.0,0.0,4.0,1.0,0.3333333333333333,0.3333333333333333,4.0,1.3333333333333333,1.0,1.3333333333333333,3.0,3.0,1.0,4.0,1.0,1.0,1.0
352,0.0,0.0,0.0,0.0,0.0,Benito Juárez,1,34.0,1156.0,0.0,0,0.0,0.0,0.0,0.0,0.0,1.0,1.0,1.0,0.0,1.0,0.5,0.5,0.0,0.0,1.0,1.0,2.0,2.0,1.0,2.0,1.0,1.0,0.0
353,3.0,2.0,1.0,1.0,0.0,Benito Juárez,1,32.0,1024.0,0.0,0,0.0,0.0,0.0,0.0,0.0,1.0,1.0,0.0,4.0,0.0,1.0,1.0,0.0,4.0,1.0,1.0,1.0,1.0,1.0,1.0,1.0,0.0,1.0
354,3.0,2.0,1.0,1.0,0.0,Benito Juárez,1,20.0,400.0,0.0,0,0.0,0.0,0.0,0.0,0.0,1.0,1.0,1.0,4.0,0.0,0.3333333333333333,0.3333333333333333,0.0,1.3333333333333333,1.0,0.3333333333333333,3.0,3.0,1.0,1.0,1.0,0.0,1.0
355,2.0,1.0,0.0,,0.0,Álvaro Obregón,1,57.0,3249.0,2.0,1,0.0,0.0,0.0,0.0,0.0,2.0,1.0,1.0,4.0,1.0,0.5,1.0,4.0,1.0,0.5,0.75,4.0,2.0,1.0,3.0,0.0,0.0,0.0
356,3.0,2.0,1.0,1.0,0.0,Cuahutémoc,1,31.0,961.0,0.0,0,0.0,0.0,0.0,0.0,0.0,1.0,1.0,1.0,4.0,0.0,0.5,1.0,0.0,2.0,0.5,1.5,2.0,1.0,0.0,3.0,1.0,1.0,1.0
357,3.0,2.0,1.0,1.0,1.0,Álvaro Obregón,1,35.0,1225.0,2.0,1,1.0,1.0,0.0,1.0,1.0,1.0,1.0,1.0,9.0,0.0,0.25,0.5,9.0,2.25,0.5,1.0,4.0,2.0,0.0,4.0,1.0,1.0,1.0
358,4.0,2.0,1.0,1.0,0.0,Gustavo A. Madero,1,29.0,841.0,0.0,0,0.0,0.0,0.0,0.0,0.0,3.0,1.0,1.0,5.0,1.0,0.6,1.0,0.0,1.0,0.6,0.6,5.0,3.0,0.0,3.0,1.0,1.0,0.0
359,0.0,0.0,0.0,0.0,0.0,Miguel Hidalgo,1,36.0,1296.0,1.0,1,1.0,1.0,0.0,0.0,1.0,3.0,1.0,0.0,2.0,1.0,1.0,1.5,2.0,0.6666666666666666,0.6666666666666666,0.6666666666666666,3.0,2.0,0.0,2.0,1.0,0.0,1.0
361,1.0,0.0,0.0,0.0,0.0,Miguel Hidalgo,1,32.0,1024.0,0.0,0,0.0,0.0,0.0,0.0,0.0,2.0,1.0,1.0,5.0,0.0,1.0,1.0,0.0,2.5,1.0,0.5,2.0,2.0,1.0,1.0,1.0,0.0,1.0
362,4.0,2.0,1.0,1.0,0.0,Gustavo A. Madero,1,50.0,2500.0,1.0,1,0.0,0.0,0.0,0.0,0.0,1.0,1.0,1.0,5.0,0.0,0.3333333333333333,1.0,5.0,1.6666666666666667,0.3333333333333333,1.3333333333333333,3.0,1.0,1.0,4.0,1.0,1.0,1.0
363,3.0,2.0,1.0,1.0,1.0,Gustavo A. Madero,1,34.0,1156.0,2.0,1,1.0,1.0,0.0,1.0,1.0,1.0,1.0,1.0,2.0,1.0,0.25,1.0,2.0,0.5,0.25,0.75,4.0,1.0,1.0,3.0,0.0,1.0,0.0
364,3.0,2.0,1.0,1.0,0.0,Cuahutémoc,1,34.0,1156.0,0.0,0,0.0,0.0,0.0,0.0,0.0,2.0,1.0,0.0,4.0,0.0,1.0,1.0,0.0,2.0,1.0,0.5,2.0,2.0,1.0,1.0,1.0,0.0,1.0
365,3.0,2.0,1.0,1.0,0.0,Benito Juárez,1,33.0,1089.0,0.0,0,0.0,0.0,0.0,0.0,0.0,2.0,1.0,1.0,2.0,1.0,1.0,1.0,0.0,1.0,1.0,1.0,2.0,2.0,0.0,2.0,1.0,0.0,1.0
366,3.0,2.0,1.0,1.0,0.0,Benito Juárez,1,30.0,900.0,0.0,0,0.0,0.0,0.0,0.0,0.0,1.0,1.0,1.0,3.0,1.0,1.0,1.0,0.0,3.0,1.0,1.0,1.0,1.0,0.0,1.0,1.0,0.0,1.0
367,1.0,0.0,0.0,0.0,0.0,Iztapalapa,1,48.0,2304.0,1.0,1,0.0,1.0,1.0,0.0,1.0,2.0,1.0,1.0,2.0,1.0,0.6666666666666666,1.0,2.0,0.6666666666666666,0.6666666666666666,0.3333333333333333,3.0,2.0,0.0,1.0,1.0,0.0,1.0
369,0.0,0.0,0.0,0.0,0.0,Iztapalapa,1,55.0,3025.0,1.0,1,1.0,1.0,0.0,0.0,1.0,1.0,1.0,1.0,2.0,1.0,1.0,1.0,2.0,2.0,1.0,2.0,1.0,1.0,0.0,2.0,1.0,1.0,1.0
371,4.0,2.0,1.0,1.0,1.0,Iztapalapa,1,41.0,1681.0,1.0,1,0.0,1.0,1.0,1.0,1.0,2.0,1.0,0.0,5.0,1.0,0.6666666666666666,1.0,5.0,1.6666666666666667,0.6666666666666666,1.0,3.0,2.0,1.0,3.0,1.0,0.0,1.0
372,4.0,2.0,1.0,1.0,0.0,Gustavo A. Madero,1,47.0,2209.0,2.0,1,1.0,1.0,1.0,0.0,1.0,0.0,1.0,1.0,0.0,1.0,0.0,0.0,0.0,0.0,0.4,0.2,5.0,2.0,0.0,1.0,1.0,1.0,0.0
373,3.0,2.0,1.0,1.0,0.0,Cuahutémoc,1,30.0,900.0,0.0,0,0.0,0.0,0.0,0.0,0.0,2.0,1.0,1.0,6.0,0.0,0.5,0.6666666666666666,0.0,1.5,0.75,0.5,4.0,3.0,1.0,2.0,1.0,1.0,1.0
374,3.0,2.0,1.0,1.0,1.0,Coyoacán,1,60.0,3600.0,2.0,1,0.0,0.0,0.0,1.0,0.0,1.0,1.0,1.0,2.0,1.0,0.5,0.5,2.0,1.0,1.0,1.0,2.0,2.0,1.0,2.0,1.0,0.0,1.0
375,4.0,2.0,1.0,1.0,0.0,Iztapalapa,1,48.0,2304.0,2.0,1,0.0,1.0,1.0,0.0,1.0,1.0,1.0,1.0,2.0,1.0,0.25,0.5,2.0,0.5,0.5,0.5,4.0,2.0,0.0,2.0,1.0,0.0,1.0
376,0.0,0.0,0.0,0.0,0.0,Álvaro Obregón,1,28.0,784.0,0.0,0,0.0,0.0,0.0,0.0,0.0,1.0,1.0,0.0,6.0,0.0,0.3333333333333333,1.0,0.0,2.0,0.3333333333333333,0.3333333333333333,3.0,1.0,1.0,1.0,1.0,0.0,1.0
377,4.0,2.0,1.0,1.0,0.0,Álvaro Obregón,1,94.0,8836.0,3.0,1,0.0,0.0,0.0,0.0,0.0,0.0,1.0,0.0,2.0,1.0,0.0,0.0,2.0,2.0,0.0,2.0,1.0,0.0,1.0,2.0,1.0,1.0,1.0
378,2.0,1.0,0.0,,0.0,Miguel Hidalgo,1,33.0,1089.0,0.0,0,0.0,0.0,0.0,0.0,0.0,2.0,1.0,0.0,2.0,1.0,1.0,1.0,0.0,1.0,1.0,1.0,2.0,2.0,1.0,2.0,1.0,0.0,1.0
379,3.0,2.0,1.0,1.0,0.0,Gustavo A. Madero,1,46.0,2116.0,2.0,1,0.0,1.0,1.0,0.0,1.0,4.0,1.0,1.0,5.0,1.0,1.0,2.0,5.0,1.25,0.5,0.5,4.0,2.0,0.0,2.0,1.0,0.0,1.0
380,2.0,1.0,0.0,,0.0,Benito Juárez,1,31.0,961.0,0.0,0,0.0,0.0,0.0,0.0,0.0,2.0,1.0,0.0,4.0,1.0,1.0,1.0,0.0,2.0,1.0,1.0,2.0,2.0,1.0,2.0,1.0,0.0,1.0
381,4.0,2.0,1.0,1.0,1.0,Benito Juárez,1,50.0,2500.0,2.0,1,1.0,1.0,1.0,1.0,1.0,1.0,1.0,1.0,3.0,1.0,0.25,1.0,3.0,0.75,0.25,0.75,4.0,1.0,1.0,3.0,1.0,0.0,1.0
382,2.0,1.0,0.0,,1.0,Gustavo A. Madero,1,46.0,2116.0,1.0,1,1.0,1.0,0.0,1.0,1.0,1.0,1.0,1.0,4.0,1.0,0.3333333333333333,0.5,4.0,1.3333333333333333,0.6666666666666666,0.3333333333333333,3.0,2.0,0.0,1.0,1.0,0.0,1.0
383,4.0,2.0,1.0,1.0,1.0,Iztapalapa,1,23.0,529.0,1.0,1,1.0,1.0,0.0,1.0,1.0,2.0,1.0,1.0,3.0,1.0,0.5,0.6666666666666666,3.0,0.75,0.75,0.75,4.0,3.0,0.0,3.0,1.0,0.0,1.0
384,4.0,2.0,1.0,1.0,1.0,Benito Juárez,1,57.0,3249.0,1.0,1,0.0,0.0,0.0,1.0,0.0,3.0,1.0,0.0,1.0,1.0,1.0,3.0,1.0,0.3333333333333333,0.3333333333333333,1.0,3.0,1.0,0.0,3.0,1.0,1.0,1.0
385,3.0,2.0,1.0,1.0,0.0,Álvaro Obregón,1,28.0,784.0,0.0,0,0.0,0.0,0.0,0.0,0.0,4.0,1.0,1.0,5.0,0.0,0.8,1.3333333333333333,0.0,1.0,0.6,0.8,5.0,3.0,1.0,4.0,1.0,0.0,1.0
387,1.0,0.0,0.0,0.0,0.0,Benito Juárez,1,48.0,2304.0,0.0,0,0.0,0.0,0.0,0.0,0.0,2.0,1.0,1.0,2.0,1.0,0.5,1.0,0.0,0.5,0.5,0.5,4.0,2.0,0.0,2.0,1.0,1.0,1.0
388,0.0,0.0,0.0,0.0,1.0,Coyoacán,1,30.0,900.0,2.0,1,1.0,1.0,1.0,1.0,1.0,4.0,1.0,1.0,6.0,1.0,1.0,2.0,6.0,1.5,0.5,0.75,4.0,2.0,1.0,3.0,1.0,1.0,1.0
389,0.0,0.0,0.0,0.0,1.0,Gustavo A. Madero,1,24.0,576.0,1.0,1,1.0,1.0,0.0,1.0,1.0,1.0,1.0,0.0,1.0,1.0,0.3333333333333333,1.0,1.0,0.3333333333333333,0.3333333333333333,0.6666666666666666,3.0,1.0,0.0,2.0,1.0,0.0,0.0
390,3.0,2.0,1.0,1.0,0.0,Cuahutémoc,1,45.0,2025.0,0.0,0,0.0,0.0,0.0,0.0,0.0,1.0,1.0,1.0,2.0,0.0,1.0,1.0,0.0,2.0,1.0,1.0,1.0,1.0,1.0,1.0,1.0,0.0,1.0
391,2.0,1.0,0.0,,0.0,Gustavo A. Madero,1,35.0,1225.0,0.0,0,0.0,0.0,0.0,0.0,0.0,3.0,1.0,1.0,3.0,1.0,1.0,1.5,0.0,1.0,0.6666666666666666,1.6666666666666667,3.0,2.0,1.0,5.0,1.0,1.0,1.0
392,3.0,2.0,1.0,1.0,0.0,Iztapalapa,1,45.0,2025.0,2.0,1,0.0,1.0,1.0,0.0,1.0,2.0,1.0,1.0,4.0,1.0,0.5,1.0,4.0,1.0,0.5,0.75,4.0,2.0,0.0,3.0,1.0,0.0,1.0
393,2.0,1.0,0.0,,0.0,Iztapalapa,1,57.0,3249.0,1.0,1,0.0,0.0,0.0,0.0,0.0,2.0,1.0,0.0,1.0,1.0,0.6666666666666666,1.0,1.0,0.3333333333333333,0.6666666666666666,0.3333333333333333,3.0,2.0,0.0,1.0,1.0,1.0,0.0
394,1.0,0.0,0.0,0.0,0.0,Iztapalapa,1,53.0,2809.0,1.0,1,0.0,0.0,0.0,0.0,0.0,1.0,1.0,1.0,2.0,1.0,0.5,1.0,2.0,1.0,0.5,1.0,2.0,1.0,0.0,2.0,1.0,1.0,0.0
395,3.0,2.0,1.0,1.0,0.0,Iztapalapa,1,52.0,2704.0,2.0,1,0.0,0.0,0.0,0.0,0.0,1.0,1.0,1.0,2.0,1.0,0.5,1.0,2.0,1.0,0.5,1.0,2.0,1.0,1.0,2.0,1.0,1.0,1.0
396,4.0,2.0,1.0,1.0,1.0,Gustavo A. Madero,1,49.0,2401.0,2.0,1,1.0,1.0,1.0,1.0,1.0,0.0,1.0,1.0,1.0,1.0,0.0,0.0,1.0,0.25,0.25,0.75,4.0,1.0,1.0,3.0,1.0,0.0,0.0
399,1.0,0.0,0.0,0.0,0.0,Miguel Hidalgo,1,50.0,2500.0,1.0,1,0.0,1.0,1.0,0.0,1.0,3.0,1.0,1.0,6.0,1.0,1.0,1.5,6.0,2.0,0.6666666666666666,1.0,3.0,2.0,1.0,3.0,1.0,1.0,1.0
400,3.0,2.0,1.0,1.0,0.0,Álvaro Obregón,1,25.0,625.0,0.0,0,0.0,0.0,0.0,0.0,0.0,2.0,1.0,0.0,4.0,0.0,0.6666666666666666,2.0,0.0,1.3333333333333333,0.3333333333333333,1.6666666666666667,3.0,1.0,0.0,5.0,0.0,1.0,1.0
401,3.0,2.0,1.0,1.0,0.0,Venustiano Carranza,1,47.0,2209.0,0.0,0,0.0,0.0,0.0,0.0,0.0,1.0,1.0,1.0,3.0,1.0,1.0,1.0,0.0,3.0,1.0,3.0,1.0,1.0,1.0,3.0,1.0,0.0,1.0
402,3.0,2.0,1.0,1.0,0.0,Cuahutémoc,1,40.0,1600.0,2.0,1,1.0,1.0,0.0,0.0,1.0,3.0,1.0,1.0,1.0,1.0,0.6,1.0,1.0,0.2,0.6,0.2,5.0,3.0,0.0,1.0,1.0,1.0,1.0
403,3.0,2.0,1.0,1.0,0.0,Álvaro Obregón,1,25.0,625.0,0.0,0,0.0,0.0,0.0,0.0,0.0,3.0,1.0,1.0,3.0,0.0,1.0,1.0,0.0,1.0,1.0,1.3333333333333333,3.0,3.0,1.0,4.0,1.0,0.0,1.0
404,2.0,1.0,0.0,,1.0,Iztapalapa,1,28.0,784.0,1.0,1,1.0,1.0,0.0,1.0,1.0,5.0,1.0,1.0,7.0,0.0,1.0,1.6666666666666667,7.0,1.4,0.6,0.6,5.0,3.0,1.0,3.0,1.0,1.0,1.0
406,1.0,0.0,0.0,0.0,0.0,Iztapalapa,1,67.0,4489.0,2.0,1,0.0,1.0,1.0,0.0,1.0,2.0,1.0,1.0,2.0,1.0,0.5,2.0,2.0,0.5,0.25,0.5,4.0,1.0,1.0,2.0,1.0,1.0,1.0
407,4.0,2.0,1.0,1.0,1.0,Iztapalapa,1,36.0,1296.0,1.0,1,0.0,0.0,0.0,1.0,0.0,2.0,1.0,1.0,1.0,1.0,0.6666666666666666,1.0,1.0,0.3333333333333333,0.6666666666666666,0.3333333333333333,3.0,2.0,0.0,1.0,1.0,0.0,0.0
408,1.0,0.0,0.0,0.0,0.0,Tlalpan,1,31.0,961.0,0.0,0,0.0,0.0,0.0,0.0,0.0,2.0,1.0,1.0,6.0,1.0,1.0,1.0,0.0,3.0,1.0,1.0,2.0,2.0,1.0,2.0,1.0,0.0,1.0
409,2.0,1.0,0.0,,0.0,Gustavo A. Madero,1,28.0,784.0,0.0,0,0.0,0.0,0.0,0.0,0.0,5.0,1.0,1.0,5.0,1.0,0.5555555555555556,1.0,0.0,0.5555555555555556,0.5555555555555556,0.6666666666666666,9.0,5.0,0.0,6.0,1.0,1.0,0.0
410,3.0,2.0,1.0,1.0,0.0,Cuahutémoc,1,53.0,2809.0,2.0,1,0.0,0.0,0.0,0.0,0.0,2.0,1.0,1.0,2.0,1.0,0.6666666666666666,1.0,2.0,0.6666666666666666,0.6666666666666666,1.0,3.0,2.0,0.0,3.0,1.0,1.0,0.0
411,0.0,0.0,0.0,0.0,0.0,Cuahutémoc,1,41.0,1681.0,1.0,1,1.0,1.0,0.0,0.0,1.0,1.0,1.0,1.0,2.0,0.0,0.3333333333333333,1.0,2.0,0.6666666666666666,0.3333333333333333,0.3333333333333333,3.0,1.0,1.0,1.0,1.0,1.0,1.0
413,3.0,2.0,1.0,1.0,0.0,Miguel Hidalgo,1,31.0,961.0,0.0,0,0.0,0.0,0.0,0.0,0.0,1.0,1.0,1.0,2.0,1.0,1.0,1.0,0.0,2.0,1.0,2.0,1.0,1.0,0.0,2.0,1.0,0.0,1.0
414,2.0,1.0,0.0,,0.0,Iztapalapa,1,40.0,1600.0,1.0,1,0.0,1.0,1.0,0.0,1.0,1.0,1.0,1.0,2.0,1.0,0.3333333333333333,0.5,2.0,0.6666666666666666,0.6666666666666666,0.6666666666666666,3.0,2.0,0.0,2.0,1.0,0.0,1.0
415,2.0,1.0,0.0,,1.0,Benito Juárez,1,46.0,2116.0,2.0,1,1.0,1.0,0.0,1.0,1.0,3.0,1.0,1.0,3.0,1.0,1.0,3.0,3.0,1.0,0.3333333333333333,1.0,3.0,1.0,0.0,3.0,1.0,0.0,1.0
416,3.0,2.0,1.0,1.0,0.0,Gustavo A. Madero,1,40.0,1600.0,2.0,1,0.0,0.0,0.0,0.0,0.0,1.0,1.0,0.0,4.0,1.0,0.25,1.0,4.0,1.0,0.25,0.75,4.0,1.0,1.0,3.0,1.0,0.0,1.0
419,3.0,2.0,1.0,1.0,0.0,Cuahutémoc,1,47.0,2209.0,0.0,0,0.0,0.0,0.0,0.0,0.0,0.0,1.0,1.0,4.0,0.0,0.0,0.0,0.0,2.0,1.0,0.5,2.0,2.0,1.0,1.0,1.0,1.0,1.0
420,0.0,0.0,0.0,0.0,0.0,Iztapalapa,1,48.0,2304.0,2.0,1,0.0,0.0,0.0,0.0,0.0,1.0,1.0,1.0,4.0,1.0,0.25,0.5,4.0,1.0,0.5,0.25,4.0,2.0,0.0,1.0,1.0,1.0,1.0
421,1.0,0.0,0.0,0.0,0.0,Benito Juárez,1,30.0,900.0,0.0,0,0.0,0.0,0.0,0.0,0.0,1.0,1.0,1.0,4.0,0.0,0.5,0.5,0.0,2.0,1.0,0.5,2.0,2.0,1.0,1.0,1.0,0.0,1.0
422,0.0,0.0,0.0,0.0,0.0,Iztapalapa,1,37.0,1369.0,1.0,1,0.0,0.0,0.0,0.0,0.0,2.0,1.0,0.0,3.0,1.0,0.3333333333333333,1.0,3.0,0.5,0.3333333333333333,0.3333333333333333,6.0,2.0,0.0,2.0,1.0,1.0,1.0
423,4.0,2.0,1.0,1.0,0.0,Tlalpan,1,30.0,900.0,0.0,0,0.0,0.0,0.0,0.0,0.0,1.0,0.0,1.0,0.0,1.0,0.5,1.0,0.0,0.0,0.5,1.0,2.0,1.0,0.0,2.0,1.0,1.0,1.0
424,4.0,2.0,1.0,1.0,0.0,Iztapalapa,1,49.0,2401.0,5.0,1,0.0,1.0,1.0,0.0,1.0,0.0,1.0,1.0,0.0,1.0,0.0,0.0,0.0,0.0,0.25,2.5,4.0,1.0,0.0,10.0,1.0,0.0,1.0
426,1.0,0.0,0.0,0.0,0.0,Tlalpan,1,41.0,1681.0,1.0,1,0.0,1.0,1.0,0.0,1.0,0.0,1.0,1.0,3.0,1.0,0.0,0.0,3.0,1.5,0.5,1.5,2.0,1.0,0.0,3.0,1.0,0.0,1.0
427,3.0,2.0,1.0,1.0,0.0,Benito Juárez,1,30.0,900.0,0.0,0,0.0,0.0,0.0,0.0,0.0,3.0,1.0,1.0,7.0,0.0,0.75,0.75,0.0,1.75,1.0,0.75,4.0,4.0,1.0,3.0,1.0,0.0,0.0
428,3.0,2.0,1.0,1.0,0.0,Milpa Alta,1,24.0,576.0,0.0,0,0.0,0.0,0.0,0.0,0.0,3.0,1.0,0.0,2.0,1.0,0.75,1.5,0.0,0.5,0.5,0.5,4.0,2.0,0.0,2.0,1.0,0.0,1.0
429,1.0,0.0,0.0,0.0,0.0,Iztacalco,1,26.0,676.0,0.0,0,0.0,0.0,0.0,0.0,0.0,4.0,1.0,1.0,4.0,1.0,0.8,1.0,0.0,0.8,0.8,0.4,5.0,4.0,0.0,2.0,1.0,1.0,1.0
430,4.0,2.0,1.0,1.0,1.0,Cuahutémoc,1,35.0,1225.0,2.0,1,1.0,1.0,0.0,1.0,1.0,4.0,1.0,1.0,5.0,0.0,1.0,2.0,5.0,1.25,0.5,1.0,4.0,2.0,1.0,4.0,1.0,0.0,1.0
431,1.0,0.0,0.0,0.0,0.0,Milpa Alta,1,24.0,576.0,0.0,0,0.0,0.0,0.0,0.0,0.0,0.0,1.0,1.0,1.0,1.0,0.0,0.0,0.0,0.25,0.25,0.25,4.0,1.0,0.0,1.0,1.0,1.0,1.0
432,1.0,0.0,0.0,0.0,0.0,Gustavo A. Madero,1,29.0,841.0,0.0,0,0.0,0.0,0.0,0.0,0.0,1.0,1.0,1.0,6.0,1.0,0.16666666666666666,0.5,0.0,1.0,0.3333333333333333,0.3333333333333333,6.0,2.0,1.0,2.0,1.0,1.0,1.0
433,3.0,2.0,1.0,1.0,0.0,Iztapalapa,1,30.0,900.0,0.0,0,0.0,0.0,0.0,0.0,0.0,5.0,1.0,0.0,2.0,1.0,0.8333333333333334,0.8333333333333334,0.0,0.3333333333333333,1.0,0.3333333333333333,6.0,6.0,1.0,2.0,1.0,1.0,1.0
434,3.0,2.0,1.0,1.0,0.0,Cuahutémoc,1,28.0,784.0,0.0,0,0.0,0.0,0.0,0.0,0.0,2.0,1.0,1.0,3.0,1.0,1.0,1.0,0.0,1.5,1.0,0.0,2.0,2.0,0.0,0.0,1.0,0.0,1.0
438,1.0,0.0,0.0,0.0,1.0,Xochimilco,1,49.0,2401.0,2.0,1,0.0,1.0,1.0,1.0,1.0,2.0,1.0,1.0,4.0,0.0,0.5,1.0,4.0,1.0,0.5,0.25,4.0,2.0,1.0,1.0,1.0,0.0,1.0
439,2.0,1.0,0.0,,0.0,Benito Juárez,1,45.0,2025.0,0.0,0,0.0,0.0,0.0,0.0,0.0,2.0,1.0,1.0,4.0,0.0,1.0,1.0,0.0,2.0,1.0,2.0,2.0,2.0,1.0,4.0,1.0,0.0,1.0
440,3.0,2.0,1.0,1.0,0.0,Benito Juárez,1,32.0,1024.0,0.0,0,0.0,0.0,0.0,0.0,0.0,2.0,1.0,1.0,2.0,0.0,0.4,1.0,0.0,0.4,0.4,0.4,5.0,2.0,0.0,2.0,1.0,1.0,1.0
444,1.0,0.0,0.0,0.0,0.0,Benito Juárez,1,40.0,1600.0,0.0,0,0.0,0.0,0.0,0.0,0.0,0.0,1.0,1.0,2.0,1.0,0.0,0.0,0.0,1.0,1.0,1.0,2.0,2.0,0.0,2.0,1.0,1.0,1.0
446,3.0,2.0,1.0,1.0,0.0,Coyoacán,1,38.0,1444.0,0.0,0,0.0,0.0,0.0,0.0,0.0,4.0,1.0,0.0,4.0,1.0,1.0,1.0,0.0,1.0,1.0,0.25,4.0,4.0,1.0,1.0,1.0,1.0,1.0
448,1.0,0.0,0.0,0.0,0.0,Iztapalapa,1,30.0,900.0,0.0,0,0.0,0.0,0.0,0.0,0.0,0.0,1.0,0.0,2.0,1.0,0.0,0.0,0.0,0.6666666666666666,1.0,0.3333333333333333,3.0,3.0,0.0,1.0,1.0,1.0,1.0
451,4.0,2.0,1.0,1.0,0.0,Miguel Hidalgo,1,27.0,729.0,0.0,0,0.0,0.0,0.0,0.0,0.0,0.0,1.0,0.0,3.0,0.0,0.0,0.0,0.0,1.5,1.0,0.0,2.0,2.0,1.0,0.0,1.0,0.0,1.0
452,2.0,1.0,0.0,,0.0,Benito Juárez,1,26.0,676.0,0.0,0,0.0,0.0,0.0,0.0,0.0,2.0,1.0,0.0,10.0,0.0,0.5,0.5,0.0,2.5,1.0,0.75,4.0,4.0,1.0,3.0,1.0,1.0,1.0
453,3.0,2.0,1.0,1.0,0.0,Álvaro Obregón,1,26.0,676.0,0.0,0,0.0,0.0,0.0,0.0,0.0,0.0,1.0,0.0,1.0,1.0,0.0,0.0,0.0,1.0,0.0,1.0,1.0,0.0,0.0,1.0,1.0,0.0,1.0
457,2.0,1.0,0.0,,0.0,Benito Juárez,1,19.0,361.0,0.0,0,0.0,0.0,0.0,0.0,0.0,2.0,1.0,1.0,5.0,0.0,0.6666666666666666,1.0,0.0,1.6666666666666667,0.6666666666666666,0.6666666666666666,3.0,2.0,1.0,2.0,1.0,1.0,1.0
458,3.0,2.0,1.0,1.0,1.0,Coyoacán,1,36.0,1296.0,1.0,1,0.0,0.0,0.0,1.0,0.0,0.0,1.0,1.0,3.0,1.0,0.0,0.0,3.0,1.0,0.6666666666666666,0.6666666666666666,3.0,2.0,1.0,2.0,1.0,0.0,1.0
459,3.0,2.0,1.0,1.0,1.0,Coyoacán,1,38.0,1444.0,1.0,1,0.0,0.0,0.0,1.0,0.0,2.0,1.0,0.0,5.0,0.0,0.6666666666666666,1.0,5.0,1.6666666666666667,0.6666666666666666,0.6666666666666666,3.0,2.0,1.0,2.0,1.0,0.0,1.0
460,3.0,2.0,1.0,1.0,0.0,Benito Juárez,1,66.0,4356.0,2.0,1,0.0,0.0,0.0,0.0,0.0,2.0,1.0,0.0,3.0,1.0,1.0,1.0,3.0,1.5,1.0,1.5,2.0,2.0,1.0,3.0,1.0,0.0,1.0
462,3.0,2.0,1.0,1.0,0.0,Benito Juárez,1,33.0,1089.0,0.0,0,0.0,0.0,0.0,0.0,0.0,1.0,1.0,0.0,4.0,0.0,0.3333333333333333,0.3333333333333333,0.0,1.3333333333333333,1.0,1.0,3.0,3.0,1.0,3.0,1.0,0.0,1.0
463,3.0,2.0,1.0,1.0,0.0,Benito Juárez,1,45.0,2025.0,0.0,0,0.0,0.0,0.0,0.0,0.0,1.0,1.0,1.0,3.0,1.0,1.0,1.0,0.0,3.0,1.0,1.0,1.0,1.0,1.0,1.0,1.0,0.0,1.0
